Metric;Node;Process;Thread;#max_time_on_cpu_s;IO;Time (s);#start_time_us;Exe;System;Others;#start_time_s;TBB;Pthread;#max_context_switch_time_s;#stop_time_us;#total;#stop_time_s;#event_count;OMP;#elapsed_time;MPI;String;Memory;Math;
cycles;_ALL;_ALL;_ALL;0;0;21.769992828369;714624;33180002560;1090000000;0;1323;0;0;0;717640;35815011328;1345;7163.0022656;1000000000;22.003015518188;0;0;545000000;0;
cycles;fedora;_ALL;_ALL;0;0;21.769992828369;714624;33180002560;1090000000;0;1323;0;0;0;717640;35815011328;1345;7163.0022656;1000000000;22.003015518188;0;0;545000000;0;
cycles;fedora;25620;_ALL;0;0;21.769992828369;714624;33180002560;1090000000;0;1323;0;0;0;717640;35815011328;1345;7163.0022656;1000000000;22.003015518188;0;0;545000000;0;
cycles;fedora;25620;25620;9.7171335220337;0;21.769992828369;714624;20680000640;670000000;0;1323;0;0;9.7171335220337;717640;21769992192;1345;4353.9984384;15000000;22.003015518188;0;0;405000000;0;
cycles;fedora;25620;25641;14.480564117432;0;14.04501914978;938690;12500001920;420000000;0;1323;0;0;4.6603312492371;717506;14045019136;1345;2809.0038272;985000000;21.778814315796;0;0;140000000;0;
