name;time_p;time_s;cpi_ratio;
/mnt/lab/ihpc/aoc/architecture-opt-hpc-NPBMG/build/maqao_reports/ov_s1_mg_mpi_f90_aocc/binaries/mg_mpi_f90_aocc;68.134544372559;8.3635311126709;;
/usr/lib64/libfabric.so.1.28.0;12.014700889587;1.4748073816299;;
/usr/lib64/libc.so.6;8.7770261764526;1.0773819684982;;
kernel;8.6849603652954;1.0660809278488;;
/usr/lib64/openmpi/lib/libmpi.so.40.40.7;2.2351751327515;0.27436825633049;;
/usr/lib64/openmpi/lib/libopen-pal.so.80.0.5;0.092066705226898;0.011301210150123;;
/usr/lib64/ld-linux-x86-64.so.2;0.040918540209532;0.0050227604806423;;
Unknown module;0.010229635052383;0.0012556901201606;;
[vdso];0.010229635052383;0.0012556901201606;;
