block_id;module;source_info;time_p;time_s;time_s_min;time_s_avg;time_s_max;cov_deviation;time_deviation;nb_threads;flops;flops_sca;flops_vec;flops_sp;flops_dp;flops_sca_sp;flops_sca_dp;flops_vec_sp;flops_vec_dp;
529;mg_omp_cpp_clang++;mg.cpp:1012-1016;32.026321411133;5.1050004959106;;;;;;;;;;;;;;;;
540;mg_omp_cpp_clang++;mg.cpp:1018-1019,mg.cpp:1029-1030;20.043895721436;3.1949999332428;;;;;;;;;;;;;;;;
920;mg_omp_cpp_clang++;mg.cpp:917-921;15.213285446167;2.4249999523163;;;;;;;;;;;;;;;;
931;mg_omp_cpp_clang++;mg.cpp:923-928;8.3751487731934;1.3349999189377;;;;;;;;;;;;;;;;
581;mg_omp_cpp_clang++;mg.cpp:1109-1113;5.4893298149109;0.875;;;;;;;;;;;;;;;;
982;mg_omp_cpp_clang++;mg.cpp:620-623;2.854451417923;0.4549999833107;;;;;;;;;;;;;;;;
585;mg_omp_cpp_clang++;mg.cpp:1115-1125;2.7603487968445;0.44000002741814;;;;;;;;;;;;;;;;
995;mg_omp_cpp_clang++;mg.cpp:625-629;2.1957318782806;0.34999999403954;;;;;;;;;;;;;;;;
974;mg_omp_cpp_clang++;mg.cpp:614-617;2.0702614784241;0.3299999833107;;;;;;;;;;;;;;;;
1011;mg_omp_cpp_clang++;mg.cpp:637-641;2.0075263977051;0.31999999284744;;;;;;;;;;;;;;;;
1003;mg_omp_cpp_clang++;mg.cpp:631-635;1.6624827384949;0.26499998569489;;;;;;;;;;;;;;;;
537;mg_omp_cpp_clang++;mg.cpp:1018-1020,mg.cpp:1029-1030;1.1606011390686;0.18500000238419;;;;;;;;;;;;;;;;
466;mg_omp_cpp_clang++;mg.cpp:842-844;0.56461673974991;0.089999988675117;;;;;;;;;;;;;;;;
791;mg_omp_cpp_clang++;mg.cpp:545-547;0.50188159942627;0.079999998211861;;;;;;;;;;;;;;;;
799;mg_omp_cpp_clang++;mg.cpp:550-552;0.25094079971313;0.03999999910593;;;;;;;;;;;;;;;;
532;mg_omp_cpp_clang++;mg.cpp:1012-1016;0.21957318484783;0.034999996423721;;;;;;;;;;;;;;;;
767;mg_omp_cpp_clang++;mg.cpp:558-560;0.18820559978485;0.030000001192093;;;;;;;;;;;;;;;;
918;mg_omp_cpp_clang++;mg.cpp:917-917;0.062735199928284;0.0099999997764826;;;;;;;;;;;;;;;;
533;mg_omp_cpp_clang++;mg.cpp:1018-1018;0.031367599964142;0.0049999998882413;;;;;;;;;;;;;;;;
524;mg_omp_cpp_clang++;mg.cpp:1010-1011;0.031367599964142;0.0049999998882413;;;;;;;;;;;;;;;;
988;mg_omp_cpp_clang++;mg.cpp:619-619;0.031367599964142;0.0049999998882413;;;;;;;;;;;;;;;;
527;mg_omp_cpp_clang++;mg.cpp:1012-1012;0.031367599964142;0.0049999998882413;;;;;;;;;;;;;;;;
923;mg_omp_cpp_clang++;mg.cpp:917-921;0.031367599964142;0.0049999998882413;;;;;;;;;;;;;;;;
