name;time_p;time_s;cpi_ratio;
/mnt/lab/ihpc/aoc/architecture-opt-hpc-NPBMG/build/maqao_reports/ov_ws_mg_mpi_f90_gfortran/binaries/mg_mpi_f90_gfortran;89.910614013672;23.124988555908;;
kernel;6.6290798187256;1.7049976587296;;
/usr/lib64/libc.so.6;3.4214651584625;0.88000005483627;;
/usr/lib64/ld-linux-x86-64.so.2;0.019440142437816;0.0049999998882413;;
[vdso];0.019440142437816;0.0049999998882413;;
