Metric;Node;Process;Thread;#max_time_on_cpu_s;IO;Time (s);#start_time_us;Exe;System;Others;#start_time_s;TBB;Pthread;#max_context_switch_time_s;#stop_time_us;#total;#stop_time_s;#event_count;OMP;#elapsed_time;MPI;String;Memory;Math;
cycles;_ALL;_ALL;_ALL;0;155000000;25.719976425171;37570;23125001024;1390000000;5000000;977;0;0;0;11468;25719975936;1004;5143.9951872;0;26.97389793396;375000000;0;670000000;0;
cycles;fedora;_ALL;_ALL;0;155000000;25.719976425171;37570;23125001024;1390000000;5000000;977;0;0;0;11468;25719975936;1004;5143.9951872;0;26.97389793396;375000000;0;670000000;0;
cycles;fedora;21501;_ALL;0;155000000;25.719976425171;37570;23125001024;1390000000;5000000;977;0;0;0;11468;25719975936;1004;5143.9951872;0;26.97389793396;375000000;0;670000000;0;
cycles;fedora;21501;21501;25.708951950073;155000000;25.719976425171;37570;23125001024;1390000000;5000000;977;0;0;25.664747238159;11468;25719975936;1004;5143.9951872;0;26.97389793396;375000000;0;670000000;0;
