Metric;Node;Process;Thread;#max_time_on_cpu_s;IO;Time (s);#start_time_us;Exe;System;Others;#start_time_s;TBB;Pthread;#max_context_switch_time_s;#stop_time_us;#total;#stop_time_s;#event_count;OMP;#elapsed_time;MPI;String;Memory;Math;
cycles;_ALL;_ALL;_ALL;0;0;31.714929580688;882683;30215005312;1055000000;0;4726;0;0;0;869391;31714928640;4758;6342.985728;0;31.986707687378;0;0;445000000;0;
cycles;fedora;_ALL;_ALL;0;0;31.714929580688;882683;30215005312;1055000000;0;4726;0;0;0;869391;31714928640;4758;6342.985728;0;31.986707687378;0;0;445000000;0;
cycles;fedora;60122;_ALL;0;0;31.714929580688;882683;30215005312;1055000000;0;4726;0;0;0;869391;31714928640;4758;6342.985728;0;31.986707687378;0;0;445000000;0;
cycles;fedora;60122;60122;7.4812717437744;0;31.714929580688;882683;30215005312;1055000000;0;4726;0;0;7.4812717437744;869391;31714928640;4758;6342.985728;0;31.986707687378;0;0;445000000;0;
