block_id;module;source_info;time_p;time_s;time_s_min;time_s_avg;time_s_max;cov_deviation;time_deviation;nb_threads;flops;flops_sca;flops_vec;flops_sp;flops_dp;flops_sca_sp;flops_sca_dp;flops_vec_sp;flops_vec_dp;
662;mg_omp_cpp_intel;mg.cpp:1012-1016;19.883743286133;3.25;;;;;;;;;;;;;;;;
678;mg_omp_cpp_intel;mg.cpp:1018-1019,mg.cpp:1029-1030;11.654932975769;1.9049999713898;;;;;;;;;;;;;;;;
987;mg_omp_cpp_intel;mg.cpp:917-921;9.2994747161865;1.5200002193451;;;;;;;;;;;;;;;;
995;mg_omp_cpp_intel;mg.cpp:923-928;5.2615447044373;0.86000007390976;;;;;;;;;;;;;;;;
724;mg_omp_cpp_intel;mg.cpp:1108-1113,mg.cpp:1121-1121;4.4661951065063;0.73000007867813;;;;;;;;;;;;;;;;
1105;mg_omp_cpp_intel;mg.cpp:637-641;1.3765668869019;0.22499999403954;;;;;;;;;;;;;;;;
1089;mg_omp_cpp_intel;mg.cpp:625-629;1.3459765911102;0.22000002861023;;;;;;;;;;;;;;;;
1066;mg_omp_cpp_intel;mg.cpp:614-617;1.2847957611084;0.20999999344349;;;;;;;;;;;;;;;;
1084;mg_omp_cpp_intel;mg.cpp:619-623;1.2542054653168;0.20500002801418;;;;;;;;;;;;;;;;
1097;mg_omp_cpp_intel;mg.cpp:631-635;1.2236150503159;0.20000001788139;;;;;;;;;;;;;;;;
726;mg_omp_cpp_intel;mg.cpp:1115-1115,mg.cpp:1121-1125;1.1624343395233;0.19000002741814;;;;;;;;;;;;;;;;
1985;mg_omp_cpp_intel;;0.73416900634766;0.11999999731779;;;;;;;;;;;;;;;;
673;mg_omp_cpp_intel;mg.cpp:1018-1019,mg.cpp:1029-1030;0.58121716976166;0.095000013709068;;;;;;;;;;;;;;;;
896;mg_omp_cpp_intel;mg.cpp:545-547;0.45885565876961;0.075000002980232;;;;;;;;;;;;;;;;
589;mg_omp_cpp_intel;mg.cpp:841-844;0.36708450317383;0.059999998658895;;;;;;;;;;;;;;;;
907;mg_omp_cpp_intel;mg.cpp:550-552;0.18354225158691;0.029999999329448;;;;;;;;;;;;;;;;
878;mg_omp_cpp_intel;mg.cpp:558-560;0.18354225158691;0.029999999329448;;;;;;;;;;;;;;;;
668;mg_omp_cpp_intel;mg.cpp:1012-1016;0.061180751770735;0.010000000707805;;;;;;;;;;;;;;;;
1982;mg_omp_cpp_intel;;0.030590375885367;0.0050000003539026;;;;;;;;;;;;;;;;
1063;mg_omp_cpp_intel;mg.cpp:613-614;0.030590375885367;0.0050000003539026;;;;;;;;;;;;;;;;
1109;mg_omp_cpp_intel;mg.cpp:637-641;0.030590375885367;0.0050000003539026;;;;;;;;;;;;;;;;
1072;mg_omp_cpp_intel;mg.cpp:614-617;0.030590375885367;0.0050000003539026;;;;;;;;;;;;;;;;
989;mg_omp_cpp_intel;mg.cpp:917-921;0.030590375885367;0.0050000003539026;;;;;;;;;;;;;;;;
