Metric;Node;Process;Thread;#max_time_on_cpu_s;IO;Time (s);#start_time_us;Exe;System;Others;#start_time_s;TBB;Pthread;#max_context_switch_time_s;#stop_time_us;#total;#stop_time_s;#event_count;OMP;#elapsed_time;MPI;String;Memory;Math;
cycles;_ALL;_ALL;_ALL;0;0;14.880031585693;387044;39249999040;1065000000;0;1632;0;0;0;501947;44520056832;1647;8904.0113664;3330000000;15.114902496338;0;0;875000000;0;
cycles;fedora;_ALL;_ALL;0;0;14.880031585693;387044;39249999040;1065000000;0;1632;0;0;0;501947;44520056832;1647;8904.0113664;3330000000;15.114902496338;0;0;875000000;0;
cycles;fedora;29408;_ALL;0;0;14.880031585693;387044;39249999040;1065000000;0;1632;0;0;0;501947;44520056832;1647;8904.0113664;3330000000;15.114902496338;0;0;875000000;0;
cycles;fedora;29408;29429;6.5406446456909;0;9.8800106048584;14930;8519999488;210000000;0;1633;0;0;6.5406446456909;501628;9880010752;1647;1976.0021504;980000000;14.486698150635;0;0;170000000;0;
cycles;fedora;29408;29408;8.0867910385132;0;14.880031585693;387044;13874999936;470000000;0;1632;0;0;8.0867910385132;501947;14880031744;1647;2976.0063488;160000000;15.114902496338;0;0;375000000;0;
cycles;fedora;29408;29431;14.476469039917;0;9.8800029754639;15112;8405000832;170000000;0;1633;0;0;8.6452789306641;501628;9880002560;1647;1976.000512;1120000000;14.48651599884;0;0;185000000;0;
cycles;fedora;29408;29430;6.4527397155762;0;9.8800115585327;14981;8449998784;215000000;0;1633;0;0;6.4527397155762;501839;9880011776;1647;1976.0023552;1070000000;14.486857414246;0;0;145000000;0;
