name;time_p;time_s;cpi_ratio;
/mnt/lab/ihpc/aoc/architecture-opt-hpc-NPBMG/build/maqao_reports/ov_s1_mg_omp_f90_gfortran/binaries/mg_omp_f90_gfortran;92.733757019043;9.9225225448608;;
/usr/lib64/libc.so.6;2.8945767879486;0.30972003936768;;
/usr/lib64/libgomp.so.1.0.0;2.2632493972778;0.24216794967651;;
kernel;2.1024394035339;0.22496126592159;;
/usr/lib64/libgfortran.so.5.0.0;0.0059559191577137;0.00063728401437402;;
