name;time_p;time_s;cpi_ratio;
/mnt/lab/ihpc/aoc/architecture-opt-hpc-NPBMG/build/mg_mpi_f90_gfortran;71.874588012695;6.881995677948;;
kernel;9.7148704528809;0.93019932508469;;
/usr/lib64/libfabric.so.1.28.0;8.8311138153076;0.84557962417603;;
/usr/lib64/libc.so.6;8.2505435943604;0.78999000787735;;
/usr/lib64/openmpi/lib/libmpi.so.40.40.7;1.2127460241318;0.11612049490213;;
/usr/lib64/ld-linux-x86-64.so.2;0.064507767558098;0.0061766221188009;;
/usr/lib64/openmpi/lib/libopen-pal.so.80.0.5;0.019352331757545;0.0018529868684709;;
[vdso];0.019352331757545;0.0018529868684709;;
/usr/lib64/libucm.so.0.0.0;0.012901553884149;0.0012353244237602;;
