block_id;module;source_info;time_p;time_s;time_s_min;time_s_avg;time_s_max;cov_deviation;time_deviation;nb_threads;flops;flops_sca;flops_vec;flops_sp;flops_dp;flops_sca_sp;flops_sca_dp;flops_vec_sp;flops_vec_dp;
496;mg_omp_cpp_aocc;mg.cpp:895-897;32.685398101807;3.1949999332428;;;;;;;;;;;;;;;;
507;mg_omp_cpp_aocc;mg.cpp:900-905;20.613796234131;2.0149998664856;;;;;;;;;;;;;;;;
834;mg_omp_cpp_aocc;mg.cpp:808-812;13.452676773071;1.3150000572205;;;;;;;;;;;;;;;;
845;mg_omp_cpp_aocc;mg.cpp:814-819;9.0025520324707;0.88000005483627;;;;;;;;;;;;;;;;
595;mg_omp_cpp_aocc;mg.cpp:969-973;5.217387676239;0.50999993085861;;;;;;;;;;;;;;;;
599;mg_omp_cpp_aocc;mg.cpp:975-985;2.9667499065399;0.28999999165535;;;;;;;;;;;;;;;;
927;mg_omp_cpp_aocc;mg.cpp:624-627;2.3017885684967;0.22499997913837;;;;;;;;;;;;;;;;
923;mg_omp_cpp_aocc;mg.cpp:614-617;2.1994869709015;0.21499998867512;;;;;;;;;;;;;;;;
901;mg_omp_cpp_aocc;mg.cpp:603-606;2.1483361721039;0.20999999344349;;;;;;;;;;;;;;;;
925;mg_omp_cpp_aocc;mg.cpp:619-622;1.7902801036835;0.17499999701977;;;;;;;;;;;;;;;;
918;mg_omp_cpp_aocc;mg.cpp:611-612;1.7902801036835;0.17499999701977;;;;;;;;;;;;;;;;
450;mg_omp_cpp_aocc;mg.cpp:735-738;0.66496115922928;0.064999997615814;;;;;;;;;;;;;;;;
751;mg_omp_cpp_aocc;mg.cpp:545-547;0.51150858402252;0.049999997019768;;;;;;;;;;;;;;;;
502;mg_omp_cpp_aocc;mg.cpp:894-897;0.51150858402252;0.049999997019768;;;;;;;;;;;;;;;;
726;mg_omp_cpp_aocc;mg.cpp:558-560;0.25575429201126;0.024999998509884;;;;;;;;;;;;;;;;
840;mg_omp_cpp_aocc;mg.cpp:807-812;0.15345257520676;0.014999998733401;;;;;;;;;;;;;;;;
824;mg_omp_cpp_aocc;mg.cpp:804-807;0.1023017168045;0.0099999997764826;;;;;;;;;;;;;;;;
498;mg_omp_cpp_aocc;mg.cpp:900-904;0.1023017168045;0.0099999997764826;;;;;;;;;;;;;;;;
887;mg_omp_cpp_aocc;mg.cpp:598-602;0.051150858402252;0.0049999998882413;;;;;;;;;;;;;;;;
486;mg_omp_cpp_aocc;mg.cpp:876-884,mg.cpp:894-894;0.051150858402252;0.0049999998882413;;;;;;;;;;;;;;;;
492;mg_omp_cpp_aocc;mg.cpp:894-894;0.051150858402252;0.0049999998882413;;;;;;;;;;;;;;;;
497;mg_omp_cpp_aocc;mg.cpp:894-895;0.051150858402252;0.0049999998882413;;;;;;;;;;;;;;;;
503;mg_omp_cpp_aocc;mg.cpp:900-900;0.051150858402252;0.0049999998882413;;;;;;;;;;;;;;;;
768;mg_omp_cpp_aocc;mg.cpp:550-552;0.051150858402252;0.0049999998882413;;;;;;;;;;;;;;;;
596;mg_omp_cpp_aocc;mg.cpp:972-972;0.051150858402252;0.0049999998882413;;;;;;;;;;;;;;;;
