block_id;module;source_info;time_p;time_s;time_s_min;time_s_avg;time_s_max;cov_deviation;time_deviation;nb_threads;flops;flops_sca;flops_vec;flops_sp;flops_dp;flops_sca_sp;flops_sca_dp;flops_vec_sp;flops_vec_dp;
496;mg_omp_cpp_aocc;mg.cpp:895-897;31.012298583984;2.8949999809265;;;;;;;;;;;;;;;;
507;mg_omp_cpp_aocc;mg.cpp:900-905;22.388845443726;2.0900001525879;;;;;;;;;;;;;;;;
834;mg_omp_cpp_aocc;mg.cpp:808-812;14.461693763733;1.3499999046326;;;;;;;;;;;;;;;;
845;mg_omp_cpp_aocc;mg.cpp:814-819;7.9807119369507;0.74499988555908;;;;;;;;;;;;;;;;
595;mg_omp_cpp_aocc;mg.cpp:969-973;4.6598792076111;0.43500000238419;;;;;;;;;;;;;;;;
599;mg_omp_cpp_aocc;mg.cpp:975-985;3.5886425971985;0.33499997854233;;;;;;;;;;;;;;;;
927;mg_omp_cpp_aocc;mg.cpp:624-627;2.731653213501;0.25499999523163;;;;;;;;;;;;;;;;
925;mg_omp_cpp_aocc;mg.cpp:619-622;2.2495968341827;0.20999999344349;;;;;;;;;;;;;;;;
923;mg_omp_cpp_aocc;mg.cpp:614-617;1.9282257556915;0.17999997735023;;;;;;;;;;;;;;;;
918;mg_omp_cpp_aocc;mg.cpp:611-612;1.874664068222;0.17499999701977;;;;;;;;;;;;;;;;
901;mg_omp_cpp_aocc;mg.cpp:603-606;1.3926074504852;0.12999999523163;;;;;;;;;;;;;;;;
751;mg_omp_cpp_aocc;mg.cpp:545-547;1.0712366104126;0.10000000149012;;;;;;;;;;;;;;;;
450;mg_omp_cpp_aocc;mg.cpp:735-738;0.58918011188507;0.054999999701977;;;;;;;;;;;;;;;;
502;mg_omp_cpp_aocc;mg.cpp:894-897;0.37493279576302;0.034999996423721;;;;;;;;;;;;;;;;
824;mg_omp_cpp_aocc;mg.cpp:804-807;0.10712365806103;0.0099999997764826;;;;;;;;;;;;;;;;
497;mg_omp_cpp_aocc;mg.cpp:894-895;0.10712365806103;0.0099999997764826;;;;;;;;;;;;;;;;
726;mg_omp_cpp_aocc;mg.cpp:558-560;0.10712365806103;0.0099999997764826;;;;;;;;;;;;;;;;
486;mg_omp_cpp_aocc;mg.cpp:876-884,mg.cpp:894-894;0.053561829030514;0.0049999998882413;;;;;;;;;;;;;;;;
768;mg_omp_cpp_aocc;mg.cpp:550-552;0.053561829030514;0.0049999998882413;;;;;;;;;;;;;;;;
597;mg_omp_cpp_aocc;mg.cpp:968-973;0.053561829030514;0.0049999998882413;;;;;;;;;;;;;;;;
