block_id;module;source_info;time_p;time_s;time_s_min;time_s_avg;time_s_max;cov_deviation;time_deviation;nb_threads;flops;flops_sca;flops_vec;flops_sp;flops_dp;flops_sca_sp;flops_sca_dp;flops_vec_sp;flops_vec_dp;
496;mg_omp_cpp_aocc;mg.cpp:895-897;33.068756103516;3.1250002384186;;;;;;;;;;;;;;;;
507;mg_omp_cpp_aocc;mg.cpp:900-905;20.74072265625;1.960000038147;;;;;;;;;;;;;;;;
834;mg_omp_cpp_aocc;mg.cpp:808-812;13.38623046875;1.2649998664856;;;;;;;;;;;;;;;;
845;mg_omp_cpp_aocc;mg.cpp:814-819;8.8888807296753;0.83999997377396;;;;;;;;;;;;;;;;
595;mg_omp_cpp_aocc;mg.cpp:969-973;4.6031703948975;0.43499997258186;;;;;;;;;;;;;;;;
599;mg_omp_cpp_aocc;mg.cpp:975-985;3.3333301544189;0.31499996781349;;;;;;;;;;;;;;;;
927;mg_omp_cpp_aocc;mg.cpp:624-627;2.3280403614044;0.22000001370907;;;;;;;;;;;;;;;;
918;mg_omp_cpp_aocc;mg.cpp:611-612;2.2751302719116;0.21500000357628;;;;;;;;;;;;;;;;
901;mg_omp_cpp_aocc;mg.cpp:603-606;2.1693103313446;0.20499999821186;;;;;;;;;;;;;;;;
925;mg_omp_cpp_aocc;mg.cpp:619-622;2.0105803012848;0.19000001251698;;;;;;;;;;;;;;;;
923;mg_omp_cpp_aocc;mg.cpp:614-617;1.6931201219559;0.15999998152256;;;;;;;;;;;;;;;;
751;mg_omp_cpp_aocc;mg.cpp:545-547;0.84656006097794;0.07999999076128;;;;;;;;;;;;;;;;
450;mg_omp_cpp_aocc;mg.cpp:735-738;0.63492006063461;0.059999998658895;;;;;;;;;;;;;;;;
502;mg_omp_cpp_aocc;mg.cpp:894-897;0.26455003023148;0.025000000372529;;;;;;;;;;;;;;;;
726;mg_omp_cpp_aocc;mg.cpp:558-560;0.21164001524448;0.01999999769032;;;;;;;;;;;;;;;;
840;mg_omp_cpp_aocc;mg.cpp:807-812;0.10582000762224;0.00999999884516;;;;;;;;;;;;;;;;
768;mg_omp_cpp_aocc;mg.cpp:550-552;0.10582000762224;0.00999999884516;;;;;;;;;;;;;;;;
492;mg_omp_cpp_aocc;mg.cpp:894-894;0.052910003811121;0.00499999942258;;;;;;;;;;;;;;;;
498;mg_omp_cpp_aocc;mg.cpp:900-904;0.052910003811121;0.00499999942258;;;;;;;;;;;;;;;;
503;mg_omp_cpp_aocc;mg.cpp:900-900;0.052910003811121;0.00499999942258;;;;;;;;;;;;;;;;
892;mg_omp_cpp_aocc;mg.cpp:602-602;0.052910003811121;0.00499999942258;;;;;;;;;;;;;;;;
