block_id;module;source_info;time_p;time_s;time_s_min;time_s_avg;time_s_max;cov_deviation;time_deviation;nb_threads;flops;flops_sca;flops_vec;flops_sp;flops_dp;flops_sca_sp;flops_sca_dp;flops_vec_sp;flops_vec_dp;
507;mg_omp_cpp_aocc;mg.cpp:900-905;26.624475479126;2.315000295639;;;;;;;;;;;;;;;;
496;mg_omp_cpp_aocc;mg.cpp:895-897;25.58939743042;2.2249999046326;;;;;;;;;;;;;;;;
834;mg_omp_cpp_aocc;mg.cpp:808-812;14.663588523865;1.2750000953674;;;;;;;;;;;;;;;;
845;mg_omp_cpp_aocc;mg.cpp:814-819;8.5106315612793;0.74000000953674;;;;;;;;;;;;;;;;
595;mg_omp_cpp_aocc;mg.cpp:969-973;5.6354179382324;0.49000000953674;;;;;;;;;;;;;;;;
599;mg_omp_cpp_aocc;mg.cpp:975-985;3.3352472782135;0.28999999165535;;;;;;;;;;;;;;;;
927;mg_omp_cpp_aocc;mg.cpp:624-627;2.1851620674133;0.19000001251698;;;;;;;;;;;;;;;;
923;mg_omp_cpp_aocc;mg.cpp:614-617;2.1276578903198;0.18500000238419;;;;;;;;;;;;;;;;
901;mg_omp_cpp_aocc;mg.cpp:603-606;2.0126492977142;0.17500001192093;;;;;;;;;;;;;;;;
925;mg_omp_cpp_aocc;mg.cpp:619-622;1.8976407051086;0.16499999165535;;;;;;;;;;;;;;;;
918;mg_omp_cpp_aocc;mg.cpp:611-612;1.3225980997086;0.11500000208616;;;;;;;;;;;;;;;;
751;mg_omp_cpp_aocc;mg.cpp:545-547;0.69005119800568;0.060000002384186;;;;;;;;;;;;;;;;
450;mg_omp_cpp_aocc;mg.cpp:735-738;0.63254696130753;0.055000007152557;;;;;;;;;;;;;;;;
840;mg_omp_cpp_aocc;mg.cpp:807-812;0.34502559900284;0.030000001192093;;;;;;;;;;;;;;;;
491;mg_omp_cpp_aocc;mg.cpp:894-894;0.23001706600189;0.02000000141561;;;;;;;;;;;;;;;;
726;mg_omp_cpp_aocc;mg.cpp:558-560;0.23001706600189;0.02000000141561;;;;;;;;;;;;;;;;
502;mg_omp_cpp_aocc;mg.cpp:894-897;0.23001706600189;0.02000000141561;;;;;;;;;;;;;;;;
768;mg_omp_cpp_aocc;mg.cpp:550-552;0.17251279950142;0.015000000596046;;;;;;;;;;;;;;;;
497;mg_omp_cpp_aocc;mg.cpp:894-895;0.11500853300095;0.010000000707805;;;;;;;;;;;;;;;;
486;mg_omp_cpp_aocc;mg.cpp:876-884,mg.cpp:894-894;0.057504266500473;0.0050000003539026;;;;;;;;;;;;;;;;
600;mg_omp_cpp_aocc;mg.cpp:966-966,mg.cpp:975-975;0.057504266500473;0.0050000003539026;;;;;;;;;;;;;;;;
