block_id;module;source_info;time_p;time_s;time_s_min;time_s_avg;time_s_max;cov_deviation;time_deviation;nb_threads;flops;flops_sca;flops_vec;flops_sp;flops_dp;flops_sca_sp;flops_sca_dp;flops_vec_sp;flops_vec_dp;
529;mg_omp_cpp_clang++;mg.cpp:1012-1016;32.217681884766;5.1500000953674;;;;;;;;;;;;;;;;
540;mg_omp_cpp_clang++;mg.cpp:1018-1019,mg.cpp:1029-1030;20.143869400024;3.2200000286102;;;;;;;;;;;;;;;;
920;mg_omp_cpp_clang++;mg.cpp:917-921;15.233016967773;2.434999704361;;;;;;;;;;;;;;;;
931;mg_omp_cpp_clang++;mg.cpp:923-928;7.8511052131653;1.2550001144409;;;;;;;;;;;;;;;;
581;mg_omp_cpp_clang++;mg.cpp:1109-1113;5.8492293357849;0.93500000238419;;;;;;;;;;;;;;;;
982;mg_omp_cpp_clang++;mg.cpp:620-623;2.6900198459625;0.43000000715256;;;;;;;;;;;;;;;;
1011;mg_omp_cpp_clang++;mg.cpp:637-641;2.5961821079254;0.41500002145767;;;;;;;;;;;;;;;;
585;mg_omp_cpp_clang++;mg.cpp:1115-1125;2.4397854804993;0.39000001549721;;;;;;;;;;;;;;;;
995;mg_omp_cpp_clang++;mg.cpp:625-629;2.3772270679474;0.38000005483627;;;;;;;;;;;;;;;;
1003;mg_omp_cpp_clang++;mg.cpp:631-635;1.6265236139297;0.25999999046326;;;;;;;;;;;;;;;;
974;mg_omp_cpp_clang++;mg.cpp:614-617;1.4701271057129;0.23499999940395;;;;;;;;;;;;;;;;
537;mg_omp_cpp_clang++;mg.cpp:1018-1020,mg.cpp:1029-1030;1.0009377002716;0.16000001132488;;;;;;;;;;;;;;;;
791;mg_omp_cpp_clang++;mg.cpp:545-547;0.59430676698685;0.095000013709068;;;;;;;;;;;;;;;;
466;mg_omp_cpp_clang++;mg.cpp:842-844;0.59430676698685;0.095000013709068;;;;;;;;;;;;;;;;
799;mg_omp_cpp_clang++;mg.cpp:550-552;0.2502344250679;0.040000002831221;;;;;;;;;;;;;;;;
767;mg_omp_cpp_clang++;mg.cpp:558-560;0.18767580389977;0.029999999329448;;;;;;;;;;;;;;;;
923;mg_omp_cpp_clang++;mg.cpp:917-921;0.15639650821686;0.025000000372529;;;;;;;;;;;;;;;;
532;mg_omp_cpp_clang++;mg.cpp:1012-1016;0.15639650821686;0.025000000372529;;;;;;;;;;;;;;;;
533;mg_omp_cpp_clang++;mg.cpp:1018-1018;0.093837901949883;0.014999999664724;;;;;;;;;;;;;;;;
524;mg_omp_cpp_clang++;mg.cpp:1010-1011;0.062558606266975;0.010000000707805;;;;;;;;;;;;;;;;
525;mg_omp_cpp_clang++;mg.cpp:1012-1012;0.031279303133488;0.0050000003539026;;;;;;;;;;;;;;;;
921;mg_omp_cpp_clang++;mg.cpp:917-917;0.031279303133488;0.0050000003539026;;;;;;;;;;;;;;;;
527;mg_omp_cpp_clang++;mg.cpp:1012-1012;0.031279303133488;0.0050000003539026;;;;;;;;;;;;;;;;
1013;mg_omp_cpp_clang++;mg.cpp:637-641;0.031279303133488;0.0050000003539026;;;;;;;;;;;;;;;;
