Metric;Node;Process;Thread;#max_time_on_cpu_s;IO;Time (s);#start_time_us;Exe;System;Others;#start_time_s;TBB;Pthread;#max_context_switch_time_s;#stop_time_us;#total;#stop_time_s;#event_count;OMP;#elapsed_time;MPI;String;Memory;Math;
cycles;_ALL;_ALL;_ALL;0;0;27.639934539795;806116;26174999680;985000000;0;1582;0;0;0;684190;27639934976;1610;5527.9869952;0;27.878074645996;0;0;480000000;0;
cycles;fedora;_ALL;_ALL;0;0;27.639934539795;806116;26174999680;985000000;0;1582;0;0;0;684190;27639934976;1610;5527.9869952;0;27.878074645996;0;0;480000000;0;
cycles;fedora;29036;_ALL;0;0;27.639934539795;806116;26174999680;985000000;0;1582;0;0;0;684190;27639934976;1610;5527.9869952;0;27.878074645996;0;0;480000000;0;
cycles;fedora;29036;29036;16.313100814819;0;27.639934539795;806116;26174999680;985000000;0;1582;0;0;16.313100814819;684190;27639934976;1610;5527.9869952;0;27.878074645996;0;0;480000000;0;
