block_id;module;source_info;time_p;time_s;time_s_min;time_s_avg;time_s_max;cov_deviation;time_deviation;nb_threads;flops;flops_sca;flops_vec;flops_sp;flops_dp;flops_sca_sp;flops_sca_dp;flops_vec_sp;flops_vec_dp;
529;mg_omp_cpp_clang++;mg.cpp:1012-1016;33.917263031006;3.4849996566772;;;;;;;;;;;;;;;;
540;mg_omp_cpp_clang++;mg.cpp:1018-1019,mg.cpp:1029-1030;16.690992355347;1.71499979496;;;;;;;;;;;;;;;;
920;mg_omp_cpp_clang++;mg.cpp:917-921;16.447683334351;1.6899998188019;;;;;;;;;;;;;;;;
931;mg_omp_cpp_clang++;mg.cpp:923-928;7.3965921401978;0.7600000500679;;;;;;;;;;;;;;;;
581;mg_omp_cpp_clang++;mg.cpp:1109-1113;5.985399723053;0.6149999499321;;;;;;;;;;;;;;;;
585;mg_omp_cpp_clang++;mg.cpp:1115-1125;2.9197075366974;0.30000001192093;;;;;;;;;;;;;;;;
982;mg_omp_cpp_clang++;mg.cpp:620-623;2.5304129123688;0.25999999046326;;;;;;;;;;;;;;;;
995;mg_omp_cpp_clang++;mg.cpp:625-629;2.481751203537;0.25499999523163;;;;;;;;;;;;;;;;
1003;mg_omp_cpp_clang++;mg.cpp:631-635;2.2871041297913;0.23500001430511;;;;;;;;;;;;;;;;
1011;mg_omp_cpp_clang++;mg.cpp:637-641;2.2871041297913;0.23500001430511;;;;;;;;;;;;;;;;
974;mg_omp_cpp_clang++;mg.cpp:614-617;1.9951333999634;0.20500001311302;;;;;;;;;;;;;;;;
537;mg_omp_cpp_clang++;mg.cpp:1018-1020,mg.cpp:1029-1030;1.1192212104797;0.11500000208616;;;;;;;;;;;;;;;;
791;mg_omp_cpp_clang++;mg.cpp:545-547;0.97323578596115;0.10000000149012;;;;;;;;;;;;;;;;
466;mg_omp_cpp_clang++;mg.cpp:842-844;0.63260322809219;0.064999997615814;;;;;;;;;;;;;;;;
799;mg_omp_cpp_clang++;mg.cpp:550-552;0.14598536491394;0.014999999664724;;;;;;;;;;;;;;;;
983;mg_omp_cpp_clang++;mg.cpp:619-623;0.048661790788174;0.0050000003539026;;;;;;;;;;;;;;;;
467;mg_omp_cpp_clang++;mg.cpp:841-841;0.048661790788174;0.0050000003539026;;;;;;;;;;;;;;;;
527;mg_omp_cpp_clang++;mg.cpp:1012-1012;0.048661790788174;0.0050000003539026;;;;;;;;;;;;;;;;
923;mg_omp_cpp_clang++;mg.cpp:917-921;0.048661790788174;0.0050000003539026;;;;;;;;;;;;;;;;
582;mg_omp_cpp_clang++;mg.cpp:1112-1112;0.048661790788174;0.0050000003539026;;;;;;;;;;;;;;;;
532;mg_omp_cpp_clang++;mg.cpp:1012-1016;0.048661790788174;0.0050000003539026;;;;;;;;;;;;;;;;
