Metric;Node;Process;Thread;#max_time_on_cpu_s;IO;Time (s);#start_time_us;Exe;System;Others;#start_time_s;TBB;Pthread;#max_context_switch_time_s;#stop_time_us;#total;#stop_time_s;#event_count;OMP;#elapsed_time;MPI;String;Memory;Math;
cycles;_ALL;_ALL;_ALL;0;0;24.404945373535;461444;23029997056;830000000;0;2279;0;0;0;969111;24404944896;2303;4880.9889792;5000000;24.507667541504;0;0;540000000;0;
cycles;lbw-Lenovo-G5000-IRH8;_ALL;_ALL;0;0;24.404945373535;461444;23029997056;830000000;0;2279;0;0;0;969111;24404944896;2303;4880.9889792;5000000;24.507667541504;0;0;540000000;0;
cycles;lbw-Lenovo-G5000-IRH8;93738;_ALL;0;0;24.404945373535;461444;23029997056;830000000;0;2279;0;0;0;969111;24404944896;2303;4880.9889792;5000000;24.507667541504;0;0;540000000;0;
cycles;lbw-Lenovo-G5000-IRH8;93738;93738;11.962071418762;0;24.404945373535;461444;23029997056;830000000;0;2279;0;0;11.962071418762;969111;24404944896;2303;4880.9889792;5000000;24.507667541504;0;0;540000000;0;
