name;time_p;time_s;cpi_ratio;
/mnt/lab/ihpc/aoc/architecture-opt-hpc-NPBMG/build/maqao_reports/ov_ws_mg_mpi_f90_aocc/binaries/mg_mpi_f90_aocc;89.782943725586;23.769962310791;;
kernel;6.6855640411377;1.76999771595;;
/usr/lib64/libc.so.6;3.4938726425171;0.92500001192093;;
/usr/lib64/libpsm2.so.2.2;0.018885798752308;0.0050000003539026;;
Unknown module;0.018885798752308;0.0050000003539026;;
