Metric;Node;Process;Thread;#max_time_on_cpu_s;IO;Time (s);#start_time_us;Exe;System;Others;#start_time_s;TBB;Pthread;#max_context_switch_time_s;#stop_time_us;#total;#stop_time_s;#event_count;OMP;#elapsed_time;MPI;String;Memory;Math;
cycles;_ALL;_ALL;_ALL;0;165000000;26.474920272827;390583;23769999168;1455000000;5000000;56835;0;0;0;146485;26474919936;56863;5294.9839872;0;27.755903244019;385000000;0;695000000;0;
cycles;fedora;_ALL;_ALL;0;165000000;26.474920272827;390583;23769999168;1455000000;5000000;56835;0;0;0;146485;26474919936;56863;5294.9839872;0;27.755903244019;385000000;0;695000000;0;
cycles;fedora;548809;_ALL;0;165000000;26.474920272827;390583;23769999168;1455000000;5000000;56835;0;0;0;146485;26474919936;56863;5294.9839872;0;27.755903244019;385000000;0;695000000;0;
cycles;fedora;548809;548809;27.751750946045;165000000;26.474920272827;390583;23769999168;1455000000;5000000;56835;0;0;26.453561782837;146485;26474919936;56863;5294.9839872;0;27.755903244019;385000000;0;695000000;0;
