block_id;module;source_info;time_p;time_s;time_s_min;time_s_avg;time_s_max;cov_deviation;time_deviation;nb_threads;flops;flops_sca;flops_vec;flops_sp;flops_dp;flops_sca_sp;flops_sca_dp;flops_vec_sp;flops_vec_dp;
662;mg_omp_cpp_intel;mg.cpp:1012-1016;28.212942123413;4.6099991798401;;;;;;;;;;;;;;;;
678;mg_omp_cpp_intel;mg.cpp:1018-1019,mg.cpp:1029-1030;19.124824523926;3.1249995231628;;;;;;;;;;;;;;;;
987;mg_omp_cpp_intel;mg.cpp:917-921;13.341478347778;2.1800000667572;;;;;;;;;;;;;;;;
995;mg_omp_cpp_intel;mg.cpp:923-928;8.2007246017456;1.33999979496;;;;;;;;;;;;;;;;
724;mg_omp_cpp_intel;mg.cpp:1108-1113,mg.cpp:1121-1121;5.4467506408691;0.88999998569489;;;;;;;;;;;;;;;;
1089;mg_omp_cpp_intel;mg.cpp:625-629;2.539776802063;0.41499996185303;;;;;;;;;;;;;;;;
1105;mg_omp_cpp_intel;mg.cpp:637-641;2.3867781162262;0.38999995589256;;;;;;;;;;;;;;;;
1097;mg_omp_cpp_intel;mg.cpp:631-635;2.1419804096222;0.34999996423721;;;;;;;;;;;;;;;;
1084;mg_omp_cpp_intel;mg.cpp:619-623;1.988981962204;0.32500001788139;;;;;;;;;;;;;;;;
726;mg_omp_cpp_intel;mg.cpp:1115-1115,mg.cpp:1121-1125;1.8971827030182;0.30999997258186;;;;;;;;;;;;;;;;
1985;mg_omp_cpp_intel;;1.3157880306244;0.21499998867512;;;;;;;;;;;;;;;;
1066;mg_omp_cpp_intel;mg.cpp:614-617;1.2545886039734;0.20499999821186;;;;;;;;;;;;;;;;
673;mg_omp_cpp_intel;mg.cpp:1018-1019,mg.cpp:1029-1030;1.0709902048111;0.17499998211861;;;;;;;;;;;;;;;;
589;mg_omp_cpp_intel;mg.cpp:841-844;0.58139473199844;0.094999998807907;;;;;;;;;;;;;;;;
896;mg_omp_cpp_intel;mg.cpp:545-547;0.4895955324173;0.079999998211861;;;;;;;;;;;;;;;;
907;mg_omp_cpp_intel;mg.cpp:550-552;0.21419805288315;0.034999996423721;;;;;;;;;;;;;;;;
878;mg_omp_cpp_intel;mg.cpp:558-560;0.15299861133099;0.025000000372529;;;;;;;;;;;;;;;;
668;mg_omp_cpp_intel;mg.cpp:1012-1016;0.15299861133099;0.025000000372529;;;;;;;;;;;;;;;;
989;mg_omp_cpp_intel;mg.cpp:917-921;0.061199441552162;0.0099999997764826;;;;;;;;;;;;;;;;
679;mg_omp_cpp_intel;mg.cpp:1018-1018;0.030599720776081;0.0049999998882413;;;;;;;;;;;;;;;;
663;mg_omp_cpp_intel;mg.cpp:1012-1012;0.030599720776081;0.0049999998882413;;;;;;;;;;;;;;;;
