name;time_p;time_s;cpi_ratio;
/mnt/lab/ihpc/aoc/architecture-opt-hpc-NPBMG/build/maqao_reports/ov_ws_mg_mpi_f90_gfortran/binaries/mg_mpi_f90_gfortran;73.134223937988;12.253667831421;;
/usr/lib64/libfabric.so.1.28.0;9.4328088760376;1.5804708003998;;
kernel;8.2089281082153;1.3754091262817;;
/usr/lib64/libc.so.6;7.5969944000244;1.2728793621063;;
/usr/lib64/openmpi/lib/libmpi.so.40.40.7;1.522383928299;0.25507602095604;;
/usr/lib64/openmpi/lib/libopen-pal.so.80.0.5;0.089552000164986;0.015004471875727;;
/usr/lib64/ld-linux-x86-64.so.2;0.014925332739949;0.0025007454678416;;
