Metric;Node;Process;Thread;#max_time_on_cpu_s;IO;Time (s);#start_time_us;Exe;System;Others;#start_time_s;TBB;Pthread;#max_context_switch_time_s;#stop_time_us;#total;#stop_time_s;#event_count;OMP;#elapsed_time;MPI;String;Memory;Math;
cycles;_ALL;_ALL;_ALL;0;250000000;16.755039215088;139431;24499998272;1600000000;19999488;1008;0;0;0;318214;33500089344;1026;6700.0178688;0;18.178781509399;5900000000;0;1230000000;0;
cycles;fedora;_ALL;_ALL;0;250000000;16.755039215088;139431;24499998272;1600000000;19999488;1008;0;0;0;318214;33500089344;1026;6700.0178688;0;18.178781509399;5900000000;0;1230000000;0;
cycles;fedora;21736;_ALL;0;105000000;16.755039215088;139431;12499999616;780000000;14999616;1008;0;0;0;318214;16755039232;1026;3351.0078464;0;18.178781509399;2675000000;0;680000000;0;
cycles;fedora;21736;21736;6.5200958251953;105000000;16.755039215088;139431;12499999616;780000000;14999616;1008;0;0;6.5200958251953;318214;16755039232;1026;3351.0078464;0;18.178781509399;2675000000;0;680000000;0;
cycles;fedora;21746;_ALL;0;145000000;16.745050430298;316124;11999998656;820000000;4999872;1008;0;0;0;318214;16745050112;1026;3349.0100224;0;18.002090454102;3225000000;0;550000000;0;
cycles;fedora;21746;21746;8.9928350448608;145000000;16.745050430298;316124;11999998656;820000000;4999872;1008;0;0;8.9928350448608;318214;16745050112;1026;3349.0100224;0;18.002090454102;3225000000;0;550000000;0;
