name;time_p;time_s;cpi_ratio;
/mnt/lab/ihpc/aoc/architecture-opt-hpc-NPBMG/build/maqao_reports/ov_s1_mg_omp_f90_gfortran/binaries/mg_omp_f90_gfortran;92.206199645996;10.151923179626;;
/usr/lib64/libgomp.so.1.0.0;2.9161553382874;0.32106935977936;;
/usr/lib64/libc.so.6;2.812007188797;0.30960261821747;;
kernel;2.0598239898682;0.22678707540035;;
/usr/lib64/ld-linux-x86-64.so.2;0.0057860226370394;0.00063704239437357;;
