Metric;Node;Process;Thread;#max_time_on_cpu_s;IO;Time (s);#start_time_us;Exe;System;Others;#start_time_s;TBB;Pthread;#max_context_switch_time_s;#stop_time_us;#total;#stop_time_s;#event_count;OMP;#elapsed_time;MPI;String;Memory;Math;
cycles;_ALL;_ALL;_ALL;0;0;19.299995422363;390112;47559999168;1450000000;0;4784;0;0;0;952834;53425030144;4803;10685.0060288;3555000000;19.562721252441;0;0;860000000;0;
cycles;fedora;_ALL;_ALL;0;0;19.299995422363;390112;47559999168;1450000000;0;4784;0;0;0;952834;53425030144;4803;10685.0060288;3555000000;19.562721252441;0;0;860000000;0;
cycles;fedora;60729;_ALL;0;0;19.299995422363;390112;47559999168;1450000000;0;4784;0;0;0;952834;53425030144;4803;10685.0060288;3555000000;19.562721252441;0;0;860000000;0;
cycles;fedora;60729;60759;19.313102722168;0;11.375014305115;630195;10019999680;250000000;0;4784;0;0;9.5804433822632;952694;11375013888;4803;2275.0027776;960000000;19.322498321533;0;0;145000000;0;
cycles;fedora;60729;60758;13.412741661072;0;11.375011444092;630143;9635000640;260000000;0;4784;0;0;5.3201999664307;952696;11375011840;4803;2275.002368;1305000000;19.322551727295;0;0;175000000;0;
cycles;fedora;60729;60760;19.312854766846;0;11.375008583069;630247;9720000192;250000000;0;4784;0;0;9.5801858901978;952694;11375008768;4803;2275.0017536;1250000000;19.32244682312;0;0;155000000;0;
cycles;fedora;60729;60729;8.718168258667;0;19.299995422363;390112;18184998656;690000000;0;4784;0;0;8.718168258667;952834;19299995648;4803;3859.9991296;40000000;19.562721252441;0;0;385000000;0;
