block_id;module;source_info;time_p;time_s;time_s_min;time_s_avg;time_s_max;cov_deviation;time_deviation;nb_threads;flops;flops_sca;flops_vec;flops_sp;flops_dp;flops_sca_sp;flops_sca_dp;flops_vec_sp;flops_vec_dp;
544;mg_omp_cpp_clang++;mg.cpp:895-897;30.921712875366;2.8849999904633;;;;;;;;;;;;;;;;
553;mg_omp_cpp_clang++;mg.cpp:900-905;21.275424957275;1.9850000143051;;;;;;;;;;;;;;;;
908;mg_omp_cpp_clang++;mg.cpp:808-812;13.397623062134;1.2500001192093;;;;;;;;;;;;;;;;
917;mg_omp_cpp_clang++;mg.cpp:814-819;8.5744791030884;0.80000001192093;;;;;;;;;;;;;;;;
602;mg_omp_cpp_clang++;mg.cpp:969-973;4.8231444358826;0.45000001788139;;;;;;;;;;;;;;;;
608;mg_omp_cpp_clang++;mg.cpp:975-985;3.5369725227356;0.3299999833107;;;;;;;;;;;;;;;;
995;mg_omp_cpp_clang++;mg.cpp:624-627;2.8938865661621;0.27000001072884;;;;;;;;;;;;;;;;
962;mg_omp_cpp_clang++;mg.cpp:603-606;2.1972103118896;0.20500001311302;;;;;;;;;;;;;;;;
987;mg_omp_cpp_clang++;mg.cpp:619-622;2.1436197757721;0.20000000298023;;;;;;;;;;;;;;;;
979;mg_omp_cpp_clang++;mg.cpp:614-617;1.8220766782761;0.17000000178814;;;;;;;;;;;;;;;;
971;mg_omp_cpp_clang++;mg.cpp:611-612;1.3933527469635;0.12999999523163;;;;;;;;;;;;;;;;
829;mg_omp_cpp_clang++;mg.cpp:545-547;0.7502669095993;0.070000000298023;;;;;;;;;;;;;;;;
488;mg_omp_cpp_clang++;mg.cpp:736-738;0.58949542045593;0.055000003427267;;;;;;;;;;;;;;;;
792;mg_omp_cpp_clang++;mg.cpp:558-560;0.26795247197151;0.025000000372529;;;;;;;;;;;;;;;;
911;mg_omp_cpp_clang++;mg.cpp:807-812;0.21436196565628;0.019999999552965;;;;;;;;;;;;;;;;
547;mg_omp_cpp_clang++;mg.cpp:894-897;0.21436196565628;0.019999999552965;;;;;;;;;;;;;;;;
540;mg_omp_cpp_clang++;mg.cpp:894-894;0.10718098282814;0.0099999997764826;;;;;;;;;;;;;;;;
965;mg_omp_cpp_clang++;mg.cpp:602-606;0.10718098282814;0.0099999997764826;;;;;;;;;;;;;;;;
843;mg_omp_cpp_clang++;mg.cpp:550-552;0.10718098282814;0.0099999997764826;;;;;;;;;;;;;;;;
956;mg_omp_cpp_clang++;mg.cpp:599-602;0.05359049141407;0.0049999998882413;;;;;;;;;;;;;;;;
902;mg_omp_cpp_clang++;mg.cpp:805-807;0.05359049141407;0.0049999998882413;;;;;;;;;;;;;;;;
904;mg_omp_cpp_clang++;mg.cpp:807-807;0.05359049141407;0.0049999998882413;;;;;;;;;;;;;;;;
981;mg_omp_cpp_clang++;mg.cpp:614-614;0.05359049141407;0.0049999998882413;;;;;;;;;;;;;;;;
542;mg_omp_cpp_clang++;mg.cpp:894-894;0.05359049141407;0.0049999998882413;;;;;;;;;;;;;;;;
974;mg_omp_cpp_clang++;mg.cpp:609-612;0.05359049141407;0.0049999998882413;;;;;;;;;;;;;;;;
