Metric;Node;Process;Thread;#max_time_on_cpu_s;IO;Time (s);#start_time_us;Exe;System;Others;#start_time_s;TBB;Pthread;#max_context_switch_time_s;#stop_time_us;#total;#stop_time_s;#event_count;OMP;#elapsed_time;MPI;String;Memory;Math;
cycles;_ALL;_ALL;_ALL;0;0;19.650011062622;735557;32974998528;895000000;0;2642;0;0;0;525073;34645050368;2666;6929.0100736;0;23.789516448975;0;0;775000000;0;
cycles;lbw-Lenovo-G5000-IRH8;_ALL;_ALL;0;0;19.650011062622;735557;32974998528;895000000;0;2642;0;0;0;525073;34645050368;2666;6929.0100736;0;23.789516448975;0;0;775000000;0;
cycles;lbw-Lenovo-G5000-IRH8;108454;_ALL;0;0;19.650011062622;735557;32974998528;895000000;0;2642;0;0;0;525073;34645050368;2666;6929.0100736;0;23.789516448975;0;0;775000000;0;
cycles;lbw-Lenovo-G5000-IRH8;108454;108454;3.9955394268036;0;14.995038986206;735557;14009998720;490000000;0;2642;0;0;1.8616873025894;525073;14995039232;2666;2999.0078464;0;23.789516448975;0;0;495000000;0;
cycles;lbw-Lenovo-G5000-IRH8;108454;108477;23.365283966064;0;19.650011062622;883881;18964999808;405000000;0;2642;0;0;17.997411727905;525079;19650011136;2666;3930.0022272;0;23.641199111938;0;0;280000000;0;
