block_id;module;source_info;time_p;time_s;time_s_min;time_s_avg;time_s_max;cov_deviation;time_deviation;nb_threads;flops;flops_sca;flops_vec;flops_sp;flops_dp;flops_sca_sp;flops_sca_dp;flops_vec_sp;flops_vec_dp;
529;mg_omp_cpp_clang++;mg.cpp:1012-1016;33.464351654053;3.4049999713898;;;;;;;;;;;;;;;;
540;mg_omp_cpp_clang++;mg.cpp:1018-1019,mg.cpp:1029-1030;17.444704055786;1.7749998569489;;;;;;;;;;;;;;;;
920;mg_omp_cpp_clang++;mg.cpp:917-921;15.872223854065;1.6149998903275;;;;;;;;;;;;;;;;
931;mg_omp_cpp_clang++;mg.cpp:923-928;7.8132629394531;0.7950000166893;;;;;;;;;;;;;;;;
581;mg_omp_cpp_clang++;mg.cpp:1109-1113;6.6339020729065;0.67500001192093;;;;;;;;;;;;;;;;
1003;mg_omp_cpp_clang++;mg.cpp:631-635;2.8501210212708;0.29000002145767;;;;;;;;;;;;;;;;
995;mg_omp_cpp_clang++;mg.cpp:625-629;2.5061409473419;0.25500002503395;;;;;;;;;;;;;;;;
585;mg_omp_cpp_clang++;mg.cpp:1115-1125;2.4570007324219;0.24999998509884;;;;;;;;;;;;;;;;
1011;mg_omp_cpp_clang++;mg.cpp:637-641;2.260440826416;0.23000000417233;;;;;;;;;;;;;;;;
982;mg_omp_cpp_clang++;mg.cpp:620-623;2.1621608734131;0.22000001370907;;;;;;;;;;;;;;;;
974;mg_omp_cpp_clang++;mg.cpp:614-617;1.7199006080627;0.17499999701977;;;;;;;;;;;;;;;;
537;mg_omp_cpp_clang++;mg.cpp:1018-1020,mg.cpp:1029-1030;1.130220413208;0.11500000208616;;;;;;;;;;;;;;;;
791;mg_omp_cpp_clang++;mg.cpp:545-547;0.73710030317307;0.075000002980232;;;;;;;;;;;;;;;;
466;mg_omp_cpp_clang++;mg.cpp:842-844;0.58968019485474;0.060000002384186;;;;;;;;;;;;;;;;
532;mg_omp_cpp_clang++;mg.cpp:1012-1016;0.24570007622242;0.025000000372529;;;;;;;;;;;;;;;;
586;mg_omp_cpp_clang++;mg.cpp:1106-1106,mg.cpp:1115-1115;0.049140017479658;0.0050000003539026;;;;;;;;;;;;;;;;
527;mg_omp_cpp_clang++;mg.cpp:1012-1012;0.049140017479658;0.0050000003539026;;;;;;;;;;;;;;;;
923;mg_omp_cpp_clang++;mg.cpp:917-921;0.049140017479658;0.0050000003539026;;;;;;;;;;;;;;;;
767;mg_omp_cpp_clang++;mg.cpp:558-560;0.049140017479658;0.0050000003539026;;;;;;;;;;;;;;;;
