Metric;Node;Process;Thread;#max_time_on_cpu_s;IO;Time (s);#start_time_us;Exe;System;Others;#start_time_s;TBB;Pthread;#max_context_switch_time_s;#stop_time_us;#total;#stop_time_s;#event_count;OMP;#elapsed_time;MPI;String;Memory;Math;
cycles;_ALL;_ALL;_ALL;0;0;16.925025939941;872948;31184996032;1365000000;0;2095;0;0;0;810493;33825041408;2112;6765.0082816;645000000;16.937545776367;0;0;630000000;0;
cycles;fedora;_ALL;_ALL;0;0;16.925025939941;872948;31184996032;1365000000;0;2095;0;0;0;810493;33825041408;2112;6765.0082816;645000000;16.937545776367;0;0;630000000;0;
cycles;fedora;35454;_ALL;0;0;16.925025939941;872948;31184996032;1365000000;0;2095;0;0;0;810493;33825041408;2112;6765.0082816;645000000;16.937545776367;0;0;630000000;0;
cycles;fedora;35454;35454;11.185917854309;0;16.925025939941;872948;15779998208;800000000;0;2095;0;0;11.185917854309;810493;16925025280;2112;3385.005056;30000000;16.937545776367;0;0;315000000;0;
cycles;fedora;35454;35475;13.851716995239;0;16.900016784668;877890;15404997824;565000000;0;2095;0;0;13.851716995239;810328;16900016128;2112;3380.0032256;615000000;16.932437896729;0;0;315000000;0;
