Metric;Node;Process;Thread;#max_time_on_cpu_s;IO;Time (s);#start_time_us;Exe;System;Others;#start_time_s;TBB;Pthread;#max_context_switch_time_s;#stop_time_us;#total;#stop_time_s;#event_count;OMP;#elapsed_time;MPI;String;Memory;Math;
cycles;_ALL;_ALL;_ALL;0;155000000;27.729930877686;173106;24649999808;1775000000;5000000;57151;0;0;0;211720;27729930240;57180;5545.986048;0;29.038614273071;305000000;0;840000000;0;
cycles;fedora;_ALL;_ALL;0;155000000;27.729930877686;173106;24649999808;1775000000;5000000;57151;0;0;0;211720;27729930240;57180;5545.986048;0;29.038614273071;305000000;0;840000000;0;
cycles;fedora;553199;_ALL;0;155000000;27.729930877686;173106;24649999808;1775000000;5000000;57151;0;0;0;211720;27729930240;57180;5545.986048;0;29.038614273071;305000000;0;840000000;0;
cycles;fedora;553199;553199;28.033664703369;155000000;27.729930877686;173106;24649999808;1775000000;5000000;57151;0;0;23.505685806274;211720;27729930240;57180;5545.986048;0;29.038614273071;305000000;0;840000000;0;
