Metric;Node;Process;Thread;#max_time_on_cpu_s;IO;Time (s);#start_time_us;Exe;System;Others;#start_time_s;TBB;Pthread;#max_context_switch_time_s;#stop_time_us;#total;#stop_time_s;#event_count;OMP;#elapsed_time;MPI;String;Memory;Math;
cycles;_ALL;_ALL;_ALL;0;0;22.714954376221;135241;34189998272;1075000000;0;4760;0;0;0;113304;37669964800;4783;7533.99296;1815000000;22.978063583374;0;0;590000000;0;
cycles;fedora;_ALL;_ALL;0;0;22.714954376221;135241;34189998272;1075000000;0;4760;0;0;0;113304;37669964800;4783;7533.99296;1815000000;22.978063583374;0;0;590000000;0;
cycles;fedora;60552;_ALL;0;0;22.714954376221;135241;34189998272;1075000000;0;4760;0;0;0;113304;37669964800;4783;7533.99296;1815000000;22.978063583374;0;0;590000000;0;
cycles;fedora;60552;60552;9.5116920471191;0;22.714954376221;135241;21599999104;685000000;0;4760;0;0;9.5116920471191;113304;22714953728;4783;4542.9907456;55000000;22.978063583374;0;0;375000000;0;
cycles;fedora;60552;60584;22.732315063477;0;14.955011367798;372419;12589999168;390000000;0;4760;0;0;12.840682029724;113175;14955011072;4783;2991.0022144;1760000000;22.740756988525;0;0;215000000;0;
