block_id;module;source_info;time_p;time_s;time_s_min;time_s_avg;time_s_max;cov_deviation;time_deviation;nb_threads;flops;flops_sca;flops_vec;flops_sp;flops_dp;flops_sca_sp;flops_sca_dp;flops_vec_sp;flops_vec_dp;
662;mg_omp_cpp_intel;mg.cpp:1012-1016;28.63193321228;4.7300000190735;;;;;;;;;;;;;;;;
678;mg_omp_cpp_intel;mg.cpp:1018-1019,mg.cpp:1029-1030;18.61378288269;3.0749998092651;;;;;;;;;;;;;;;;
987;mg_omp_cpp_intel;mg.cpp:917-921;13.135580062866;2.1700000762939;;;;;;;;;;;;;;;;
995;mg_omp_cpp_intel;mg.cpp:923-928;8.1719045639038;1.3499999046326;;;;;;;;;;;;;;;;
724;mg_omp_cpp_intel;mg.cpp:1108-1113,mg.cpp:1121-1121;5.7203335762024;0.94500005245209;;;;;;;;;;;;;;;;
1084;mg_omp_cpp_intel;mg.cpp:619-623;2.3002400398254;0.38000002503395;;;;;;;;;;;;;;;;
1097;mg_omp_cpp_intel;mg.cpp:631-635;2.209440946579;0.36500000953674;;;;;;;;;;;;;;;;
1105;mg_omp_cpp_intel;mg.cpp:637-641;2.1186420917511;0.34999999403954;;;;;;;;;;;;;;;;
1089;mg_omp_cpp_intel;mg.cpp:625-629;2.0883758068085;0.34499999880791;;;;;;;;;;;;;;;;
726;mg_omp_cpp_intel;mg.cpp:1115-1115,mg.cpp:1121-1125;1.8765115737915;0.31000000238419;;;;;;;;;;;;;;;;
1985;mg_omp_cpp_intel;;1.5738482475281;0.25999996066093;;;;;;;;;;;;;;;;
1066;mg_omp_cpp_intel;mg.cpp:614-617;1.5738482475281;0.25999996066093;;;;;;;;;;;;;;;;
673;mg_omp_cpp_intel;mg.cpp:1018-1019,mg.cpp:1029-1030;1.0290546417236;0.16999998688698;;;;;;;;;;;;;;;;
589;mg_omp_cpp_intel;mg.cpp:841-844;0.57506000995636;0.095000006258488;;;;;;;;;;;;;;;;
896;mg_omp_cpp_intel;mg.cpp:545-547;0.39346206188202;0.064999990165234;;;;;;;;;;;;;;;;
668;mg_omp_cpp_intel;mg.cpp:1012-1016;0.27239680290222;0.044999994337559;;;;;;;;;;;;;;;;
907;mg_omp_cpp_intel;mg.cpp:550-552;0.24213051795959;0.040000002831221;;;;;;;;;;;;;;;;
878;mg_omp_cpp_intel;mg.cpp:558-560;0.1815978884697;0.029999999329448;;;;;;;;;;;;;;;;
1546;mg_omp_cpp_intel;;0.060532629489899;0.010000000707805;;;;;;;;;;;;;;;;
989;mg_omp_cpp_intel;mg.cpp:917-921;0.060532629489899;0.010000000707805;;;;;;;;;;;;;;;;
2008;mg_omp_cpp_intel;;0.030266314744949;0.0050000003539026;;;;;;;;;;;;;;;;
991;mg_omp_cpp_intel;mg.cpp:917-923;0.030266314744949;0.0050000003539026;;;;;;;;;;;;;;;;
659;mg_omp_cpp_intel;mg.cpp:1011-1013;0.030266314744949;0.0050000003539026;;;;;;;;;;;;;;;;
