block_id;module;source_info;time_p;time_s;time_s_min;time_s_avg;time_s_max;cov_deviation;time_deviation;nb_threads;flops;flops_sca;flops_vec;flops_sp;flops_dp;flops_sca_sp;flops_sca_dp;flops_vec_sp;flops_vec_dp;
662;mg_omp_cpp_intel;mg.cpp:1012-1016;29.500709533691;4.8750009536743;;;;;;;;;;;;;;;;
678;mg_omp_cpp_intel;mg.cpp:1018-1019,mg.cpp:1029-1030;18.124025344849;2.9950003623962;;;;;;;;;;;;;;;;
987;mg_omp_cpp_intel;mg.cpp:917-921;12.314654350281;2.0350000858307;;;;;;;;;;;;;;;;
995;mg_omp_cpp_intel;mg.cpp:923-928;9.2284259796143;1.5250000953674;;;;;;;;;;;;;;;;
724;mg_omp_cpp_intel;mg.cpp:1108-1113,mg.cpp:1121-1121;5.3555130958557;0.8850000500679;;;;;;;;;;;;;;;;
1084;mg_omp_cpp_intel;mg.cpp:619-623;2.4810853004456;0.41000002622604;;;;;;;;;;;;;;;;
1097;mg_omp_cpp_intel;mg.cpp:631-635;2.4205708503723;0.40000003576279;;;;;;;;;;;;;;;;
726;mg_omp_cpp_intel;mg.cpp:1115-1115,mg.cpp:1121-1125;2.2390279769897;0.37000000476837;;;;;;;;;;;;;;;;
1105;mg_omp_cpp_intel;mg.cpp:637-641;2.1482565402985;0.35499998927116;;;;;;;;;;;;;;;;
1089;mg_omp_cpp_intel;mg.cpp:625-629;2.1482565402985;0.35499998927116;;;;;;;;;;;;;;;;
1066;mg_omp_cpp_intel;mg.cpp:614-617;1.3010568618774;0.21500001847744;;;;;;;;;;;;;;;;
1985;mg_omp_cpp_intel;;1.2707996368408;0.20999999344349;;;;;;;;;;;;;;;;
673;mg_omp_cpp_intel;mg.cpp:1018-1019,mg.cpp:1029-1030;0.75642836093903;0.125;;;;;;;;;;;;;;;;
589;mg_omp_cpp_intel;mg.cpp:841-844;0.60514271259308;0.1000000089407;;;;;;;;;;;;;;;;
896;mg_omp_cpp_intel;mg.cpp:545-547;0.36308562755585;0.060000002384186;;;;;;;;;;;;;;;;
907;mg_omp_cpp_intel;mg.cpp:550-552;0.33282852172852;0.055000007152557;;;;;;;;;;;;;;;;
878;mg_omp_cpp_intel;mg.cpp:558-560;0.12102854251862;0.02000000141561;;;;;;;;;;;;;;;;
989;mg_omp_cpp_intel;mg.cpp:917-921;0.060514271259308;0.010000000707805;;;;;;;;;;;;;;;;
668;mg_omp_cpp_intel;mg.cpp:1012-1016;0.060514271259308;0.010000000707805;;;;;;;;;;;;;;;;
2008;mg_omp_cpp_intel;;0.030257135629654;0.0050000003539026;;;;;;;;;;;;;;;;
1068;mg_omp_cpp_intel;mg.cpp:614-614;0.030257135629654;0.0050000003539026;;;;;;;;;;;;;;;;
659;mg_omp_cpp_intel;mg.cpp:1011-1013;0.030257135629654;0.0050000003539026;;;;;;;;;;;;;;;;
663;mg_omp_cpp_intel;mg.cpp:1012-1012;0.030257135629654;0.0050000003539026;;;;;;;;;;;;;;;;
981;mg_omp_cpp_intel;mg.cpp:914-915,mg.cpp:925-925;0.030257135629654;0.0050000003539026;;;;;;;;;;;;;;;;
656;mg_omp_cpp_intel;mg.cpp:1005-1010;0.030257135629654;0.0050000003539026;;;;;;;;;;;;;;;;
