Metric;Node;Process;Thread;#max_time_on_cpu_s;IO;Time (s);#start_time_us;Exe;System;Others;#start_time_s;TBB;Pthread;#max_context_switch_time_s;#stop_time_us;#total;#stop_time_s;#event_count;OMP;#elapsed_time;MPI;String;Memory;Math;
cycles;_ALL;_ALL;_ALL;0;0;31.889965057373;175664;29960000320;1475000000;5000000;58291;0;0;0;81229;31889965056;58323;6377.9930112;5000000;31.905565261841;0;0;445000000;0;
cycles;fedora;_ALL;_ALL;0;0;31.889965057373;175664;29960000320;1475000000;5000000;58291;0;0;0;81229;31889965056;58323;6377.9930112;5000000;31.905565261841;0;0;445000000;0;
cycles;fedora;567095;_ALL;0;0;31.889965057373;175664;29960000320;1475000000;5000000;58291;0;0;0;81229;31889965056;58323;6377.9930112;5000000;31.905565261841;0;0;445000000;0;
cycles;fedora;567095;567095;31.892421722412;0;31.889965057373;175664;29960000320;1475000000;5000000;58291;0;0;31.892421722412;81229;31889965056;58323;6377.9930112;5000000;31.905565261841;0;0;445000000;0;
