block_id;module;source_info;time_p;time_s;time_s_min;time_s_avg;time_s_max;cov_deviation;time_deviation;nb_threads;flops;flops_sca;flops_vec;flops_sp;flops_dp;flops_sca_sp;flops_sca_dp;flops_vec_sp;flops_vec_dp;
812;mg_omp_cpp_g++;mg.cpp:1012-1016;32.745281219482;2.9699993133545;;;;;;;;;;;;;;;;
854;mg_omp_cpp_g++;mg.cpp:1018-1019,mg.cpp:1029-1030;18.191829681396;1.6500002145767;;;;;;;;;;;;;;;;
915;mg_omp_cpp_g++;mg.cpp:917-921;16.207265853882;1.4700001478195;;;;;;;;;;;;;;;;
960;mg_omp_cpp_g++;mg.cpp:923-928;7.7177448272705;0.70000004768372;;;;;;;;;;;;;;;;
1008;mg_omp_cpp_g++;mg.cpp:1108-1113;6.3395757675171;0.57499998807907;;;;;;;;;;;;;;;;
1411;mg_omp_cpp_g++;mg.cpp:619-623;2.8114640712738;0.25499999523163;;;;;;;;;;;;;;;;
1118;mg_omp_cpp_g++;mg.cpp:625-629;2.7563374042511;0.25;;;;;;;;;;;;;;;;
1022;mg_omp_cpp_g++;mg.cpp:1115-1125;2.5909569263458;0.23499998450279;;;;;;;;;;;;;;;;
1144;mg_omp_cpp_g++;mg.cpp:637-641;2.2050697803497;0.19999998807907;;;;;;;;;;;;;;;;
1131;mg_omp_cpp_g++;mg.cpp:631-635;2.039689540863;0.18499998748302;;;;;;;;;;;;;;;;
1095;mg_omp_cpp_g++;mg.cpp:614-617;1.8191826343536;0.16499999165535;;;;;;;;;;;;;;;;
633;mg_omp_cpp_g++;mg.cpp:545-547;0.71664768457413;0.064999997615814;;;;;;;;;;;;;;;;
232;mg_omp_cpp_g++;mg.cpp:841-844;0.71664768457413;0.064999997615814;;;;;;;;;;;;;;;;
647;mg_omp_cpp_g++;mg.cpp:550-552;0.16538023948669;0.014999999664724;;;;;;;;;;;;;;;;
920;mg_omp_cpp_g++;mg.cpp:917-921;0.11025349795818;0.0099999997764826;;;;;;;;;;;;;;;;
817;mg_omp_cpp_g++;mg.cpp:1012-1016;0.11025349795818;0.0099999997764826;;;;;;;;;;;;;;;;
696;mg_omp_cpp_g++;mg.cpp:558-560;0.11025349795818;0.0099999997764826;;;;;;;;;;;;;;;;
903;mg_omp_cpp_g++;mg.cpp:916-917;0.055126748979092;0.0049999998882413;;;;;;;;;;;;;;;;
853;mg_omp_cpp_g++;mg.cpp:1012-1012,mg.cpp:1019-1019;0.055126748979092;0.0049999998882413;;;;;;;;;;;;;;;;
804;mg_omp_cpp_g++;mg.cpp:1013-1013;0.055126748979092;0.0049999998882413;;;;;;;;;;;;;;;;
835;mg_omp_cpp_g++;mg.cpp:1011-1011;0.055126748979092;0.0049999998882413;;;;;;;;;;;;;;;;
