name;time_p;time_s;cpi_ratio;
/mnt/lab/ihpc/aoc/architecture-opt-hpc-NPBMG/build/maqao_reports/ov_s1_mg_omp_f90_gfortran/binaries/mg_omp_f90_gfortran;92.054054260254;9.6794948577881;;
/usr/lib64/libgomp.so.1.0.0;2.9577512741089;0.31100788712502;;
/usr/lib64/libc.so.6;2.794105052948;0.2938004732132;;
kernel;2.1880085468292;0.23006935417652;;
/usr/lib64/libgfortran.so.5.0.0;0.0060609658248723;0.00063731125555933;;
