block_id;module;source_info;time_p;time_s;time_s_min;time_s_avg;time_s_max;cov_deviation;time_deviation;nb_threads;flops;flops_sca;flops_vec;flops_sp;flops_dp;flops_sca_sp;flops_sca_dp;flops_vec_sp;flops_vec_dp;
544;mg_omp_cpp_clang++;mg.cpp:895-897;31.682113647461;3.0699999332428;;;;;;;;;;;;;;;;
553;mg_omp_cpp_clang++;mg.cpp:900-905;22.136201858521;2.1450002193451;;;;;;;;;;;;;;;;
908;mg_omp_cpp_clang++;mg.cpp:808-812;13.415879249573;1.3000000715256;;;;;;;;;;;;;;;;
917;mg_omp_cpp_clang++;mg.cpp:814-819;8.7203216552734;0.84500008821487;;;;;;;;;;;;;;;;
602;mg_omp_cpp_clang++;mg.cpp:969-973;4.9019560813904;0.47500002384186;;;;;;;;;;;;;;;;
608;mg_omp_cpp_clang++;mg.cpp:975-985;3.1475715637207;0.30500000715256;;;;;;;;;;;;;;;;
979;mg_omp_cpp_clang++;mg.cpp:614-617;2.8379743099213;0.27500000596046;;;;;;;;;;;;;;;;
995;mg_omp_cpp_clang++;mg.cpp:624-627;2.7347753047943;0.26499998569489;;;;;;;;;;;;;;;;
971;mg_omp_cpp_clang++;mg.cpp:611-612;1.8575831651688;0.18000000715256;;;;;;;;;;;;;;;;
962;mg_omp_cpp_clang++;mg.cpp:603-606;1.4963865280151;0.14500001072884;;;;;;;;;;;;;;;;
987;mg_omp_cpp_clang++;mg.cpp:619-622;1.4447870254517;0.14000001549721;;;;;;;;;;;;;;;;
829;mg_omp_cpp_clang++;mg.cpp:545-547;0.82559257745743;0.080000005662441;;;;;;;;;;;;;;;;
488;mg_omp_cpp_clang++;mg.cpp:736-738;0.61919444799423;0.060000006109476;;;;;;;;;;;;;;;;
547;mg_omp_cpp_clang++;mg.cpp:894-897;0.25799769163132;0.025000000372529;;;;;;;;;;;;;;;;
792;mg_omp_cpp_clang++;mg.cpp:558-560;0.20639814436436;0.02000000141561;;;;;;;;;;;;;;;;
540;mg_omp_cpp_clang++;mg.cpp:894-894;0.15479861199856;0.015000001527369;;;;;;;;;;;;;;;;
913;mg_omp_cpp_clang++;mg.cpp:814-814;0.10319907218218;0.010000000707805;;;;;;;;;;;;;;;;
536;mg_omp_cpp_clang++;mg.cpp:877-877;0.051599536091089;0.0050000003539026;;;;;;;;;;;;;;;;
546;mg_omp_cpp_clang++;mg.cpp:894-894,mg.cpp:900-900;0.051599536091089;0.0050000003539026;;;;;;;;;;;;;;;;
918;mg_omp_cpp_clang++;mg.cpp:814-815;0.051599536091089;0.0050000003539026;;;;;;;;;;;;;;;;
969;mg_omp_cpp_clang++;mg.cpp:609-609;0.051599536091089;0.0050000003539026;;;;;;;;;;;;;;;;
542;mg_omp_cpp_clang++;mg.cpp:894-894;0.051599536091089;0.0050000003539026;;;;;;;;;;;;;;;;
965;mg_omp_cpp_clang++;mg.cpp:602-606;0.051599536091089;0.0050000003539026;;;;;;;;;;;;;;;;
997;mg_omp_cpp_clang++;mg.cpp:624-627;0.051599536091089;0.0050000003539026;;;;;;;;;;;;;;;;
911;mg_omp_cpp_clang++;mg.cpp:807-812;0.051599536091089;0.0050000003539026;;;;;;;;;;;;;;;;
