block_id;module;source_info;time_p;time_s;time_s_min;time_s_avg;time_s_max;cov_deviation;time_deviation;nb_threads;flops;flops_sca;flops_vec;flops_sp;flops_dp;flops_sca_sp;flops_sca_dp;flops_vec_sp;flops_vec_dp;
544;mg_omp_cpp_clang++;mg.cpp:895-897;32.689258575439;3.1299998760223;;;;;;;;;;;;;;;;
553;mg_omp_cpp_clang++;mg.cpp:900-905;21.148801803589;2.0250000953674;;;;;;;;;;;;;;;;
908;mg_omp_cpp_clang++;mg.cpp:808-812;12.323746681213;1.1800000667572;;;;;;;;;;;;;;;;
917;mg_omp_cpp_clang++;mg.cpp:814-819;9.3472480773926;0.89499998092651;;;;;;;;;;;;;;;;
602;mg_omp_cpp_clang++;mg.cpp:969-973;5.3263649940491;0.50999999046326;;;;;;;;;;;;;;;;
608;mg_omp_cpp_clang++;mg.cpp:975-985;2.7154016494751;0.25999999046326;;;;;;;;;;;;;;;;
987;mg_omp_cpp_clang++;mg.cpp:619-622;2.6109631061554;0.24999998509884;;;;;;;;;;;;;;;;
995;mg_omp_cpp_clang++;mg.cpp:624-627;2.2454283237457;0.21500000357628;;;;;;;;;;;;;;;;
979;mg_omp_cpp_clang++;mg.cpp:614-617;2.0887706279755;0.20000000298023;;;;;;;;;;;;;;;;
971;mg_omp_cpp_clang++;mg.cpp:611-612;2.0887706279755;0.20000000298023;;;;;;;;;;;;;;;;
962;mg_omp_cpp_clang++;mg.cpp:603-606;1.4621393680573;0.14000000059605;;;;;;;;;;;;;;;;
829;mg_omp_cpp_clang++;mg.cpp:545-547;0.73106968402863;0.070000000298023;;;;;;;;;;;;;;;;
488;mg_omp_cpp_clang++;mg.cpp:736-738;0.62663120031357;0.060000002384186;;;;;;;;;;;;;;;;
792;mg_omp_cpp_clang++;mg.cpp:558-560;0.26109632849693;0.025000000372529;;;;;;;;;;;;;;;;
843;mg_omp_cpp_clang++;mg.cpp:550-552;0.26109632849693;0.025000000372529;;;;;;;;;;;;;;;;
547;mg_omp_cpp_clang++;mg.cpp:894-897;0.26109632849693;0.025000000372529;;;;;;;;;;;;;;;;
911;mg_omp_cpp_clang++;mg.cpp:807-812;0.20887705683708;0.019999999552965;;;;;;;;;;;;;;;;
545;mg_omp_cpp_clang++;mg.cpp:894-895;0.15665780007839;0.015000000596046;;;;;;;;;;;;;;;;
540;mg_omp_cpp_clang++;mg.cpp:894-894;0.10443852841854;0.0099999997764826;;;;;;;;;;;;;;;;
536;mg_omp_cpp_clang++;mg.cpp:877-877;0.05221926420927;0.0049999998882413;;;;;;;;;;;;;;;;
902;mg_omp_cpp_clang++;mg.cpp:805-807;0.05221926420927;0.0049999998882413;;;;;;;;;;;;;;;;
546;mg_omp_cpp_clang++;mg.cpp:894-894,mg.cpp:900-900;0.05221926420927;0.0049999998882413;;;;;;;;;;;;;;;;
549;mg_omp_cpp_clang++;mg.cpp:900-900;0.05221926420927;0.0049999998882413;;;;;;;;;;;;;;;;
605;mg_omp_cpp_clang++;mg.cpp:968-968,mg.cpp:975-975;0.05221926420927;0.0049999998882413;;;;;;;;;;;;;;;;
906;mg_omp_cpp_clang++;mg.cpp:807-807;0.05221926420927;0.0049999998882413;;;;;;;;;;;;;;;;
