block_id;module;source_info;time_p;time_s;time_s_min;time_s_avg;time_s_max;cov_deviation;time_deviation;nb_threads;flops;flops_sca;flops_vec;flops_sp;flops_dp;flops_sca_sp;flops_sca_dp;flops_vec_sp;flops_vec_dp;
544;mg_omp_cpp_clang++;mg.cpp:895-897;34.038028717041;3.2199997901917;;;;;;;;;;;;;;;;
553;mg_omp_cpp_clang++;mg.cpp:900-905;19.02746963501;1.7999999523163;;;;;;;;;;;;;;;;
908;mg_omp_cpp_clang++;mg.cpp:808-812;13.847769737244;1.3099999427795;;;;;;;;;;;;;;;;
917;mg_omp_cpp_clang++;mg.cpp:814-819;8.4037990570068;0.79499995708466;;;;;;;;;;;;;;;;
602;mg_omp_cpp_clang++;mg.cpp:969-973;4.3340349197388;0.4099999666214;;;;;;;;;;;;;;;;
608;mg_omp_cpp_clang++;mg.cpp:975-985;3.5940775871277;0.34000000357628;;;;;;;;;;;;;;;;
995;mg_omp_cpp_clang++;mg.cpp:624-627;2.9069745540619;0.27500000596046;;;;;;;;;;;;;;;;
979;mg_omp_cpp_clang++;mg.cpp:614-617;2.3255798816681;0.22000001370907;;;;;;;;;;;;;;;;
971;mg_omp_cpp_clang++;mg.cpp:611-612;1.9556010961533;0.18499998748302;;;;;;;;;;;;;;;;
962;mg_omp_cpp_clang++;mg.cpp:603-606;1.9027469158173;0.1799999922514;;;;;;;;;;;;;;;;
987;mg_omp_cpp_clang++;mg.cpp:619-622;1.6913306713104;0.15999998152256;;;;;;;;;;;;;;;;
829;mg_omp_cpp_clang++;mg.cpp:545-547;1.162789940834;0.11000000685453;;;;;;;;;;;;;;;;
488;mg_omp_cpp_clang++;mg.cpp:736-738;0.58139497041702;0.055000003427267;;;;;;;;;;;;;;;;
547;mg_omp_cpp_clang++;mg.cpp:894-897;0.2114163339138;0.01999999769032;;;;;;;;;;;;;;;;
549;mg_omp_cpp_clang++;mg.cpp:900-900;0.1057081669569;0.00999999884516;;;;;;;;;;;;;;;;
792;mg_omp_cpp_clang++;mg.cpp:558-560;0.1057081669569;0.00999999884516;;;;;;;;;;;;;;;;
900;mg_omp_cpp_clang++;mg.cpp:805-805;0.052854083478451;0.00499999942258;;;;;;;;;;;;;;;;
909;mg_omp_cpp_clang++;mg.cpp:807-808;0.052854083478451;0.00499999942258;;;;;;;;;;;;;;;;
913;mg_omp_cpp_clang++;mg.cpp:814-814;0.052854083478451;0.00499999942258;;;;;;;;;;;;;;;;
600;mg_omp_cpp_clang++;mg.cpp:968-972;0.052854083478451;0.00499999942258;;;;;;;;;;;;;;;;
906;mg_omp_cpp_clang++;mg.cpp:807-807;0.052854083478451;0.00499999942258;;;;;;;;;;;;;;;;
911;mg_omp_cpp_clang++;mg.cpp:807-812;0.052854083478451;0.00499999942258;;;;;;;;;;;;;;;;
843;mg_omp_cpp_clang++;mg.cpp:550-552;0.052854083478451;0.00499999942258;;;;;;;;;;;;;;;;
