name;time_p;time_s;cpi_ratio;
/mnt/lab/ihpc/aoc/architecture-opt-hpc-NPBMG/build/maqao_reports/ov_s1_mg_omp_cpp_aocc/binaries/mg_omp_cpp_aocc;88.86930847168;16.089778900146;;
/usr/lib64/libomp.so;7.4736967086792;1.3531121015549;;
kernel;1.8505247831345;0.33503732085228;;
/usr/lib64/libc.so.6;1.8009572029114;0.32606309652328;;
/usr/lib64/libstdc++.so.6.0.34;0.005507514346391;0.00099713495001197;;
