block_id;module;source_info;time_p;time_s;time_s_min;time_s_avg;time_s_max;cov_deviation;time_deviation;nb_threads;flops;flops_sca;flops_vec;flops_sp;flops_dp;flops_sca_sp;flops_sca_dp;flops_vec_sp;flops_vec_dp;
662;mg_omp_cpp_intel;mg.cpp:1012-1016;20.163471221924;3.3299996852875;;;;;;;;;;;;;;;;
678;mg_omp_cpp_intel;mg.cpp:1018-1019,mg.cpp:1029-1030;10.899174690247;1.8000001907349;;;;;;;;;;;;;;;;
987;mg_omp_cpp_intel;mg.cpp:917-921;10.323939323425;1.7049999237061;;;;;;;;;;;;;;;;
724;mg_omp_cpp_intel;mg.cpp:1108-1113,mg.cpp:1121-1121;4.3596692085266;0.71999990940094;;;;;;;;;;;;;;;;
995;mg_omp_cpp_intel;mg.cpp:923-928;4.2385673522949;0.69999998807907;;;;;;;;;;;;;;;;
1084;mg_omp_cpp_intel;mg.cpp:619-623;1.66515147686;0.27499997615814;;;;;;;;;;;;;;;;
1105;mg_omp_cpp_intel;mg.cpp:637-641;1.4532231092453;0.23999997973442;;;;;;;;;;;;;;;;
726;mg_omp_cpp_intel;mg.cpp:1115-1115,mg.cpp:1121-1125;1.4229476451874;0.23499998450279;;;;;;;;;;;;;;;;
1097;mg_omp_cpp_intel;mg.cpp:631-635;1.3321212530136;0.21999999880791;;;;;;;;;;;;;;;;
1066;mg_omp_cpp_intel;mg.cpp:614-617;1.0596418380737;0.17499999701977;;;;;;;;;;;;;;;;
1089;mg_omp_cpp_intel;mg.cpp:625-629;1.0293663740158;0.16999998688698;;;;;;;;;;;;;;;;
1985;mg_omp_cpp_intel;;0.84771347045898;0.13999998569489;;;;;;;;;;;;;;;;
673;mg_omp_cpp_intel;mg.cpp:1018-1019,mg.cpp:1029-1030;0.63578510284424;0.10499998927116;;;;;;;;;;;;;;;;
896;mg_omp_cpp_intel;mg.cpp:545-547;0.42385673522949;0.069999992847443;;;;;;;;;;;;;;;;
589;mg_omp_cpp_intel;mg.cpp:841-844;0.42385673522949;0.069999992847443;;;;;;;;;;;;;;;;
668;mg_omp_cpp_intel;mg.cpp:1012-1016;0.15137740969658;0.024999996647239;;;;;;;;;;;;;;;;
878;mg_omp_cpp_intel;mg.cpp:558-560;0.090826444327831;0.014999998733401;;;;;;;;;;;;;;;;
989;mg_omp_cpp_intel;mg.cpp:917-921;0.060550965368748;0.0099999997764826;;;;;;;;;;;;;;;;
907;mg_omp_cpp_intel;mg.cpp:550-552;0.060550965368748;0.0099999997764826;;;;;;;;;;;;;;;;
677;mg_omp_cpp_intel;mg.cpp:1018-1018;0.030275482684374;0.0049999998882413;;;;;;;;;;;;;;;;
723;mg_omp_cpp_intel;mg.cpp:1121-1121;0.030275482684374;0.0049999998882413;;;;;;;;;;;;;;;;
