name;time_p;time_s;cpi_ratio;
/mnt/lab/ihpc/aoc/architecture-opt-hpc-NPBMG/build/maqao_reports/ov_ws_mg_mpi_f90_gfortran/binaries/mg_mpi_f90_gfortran;72.749572753906;18.02000617981;;
Unknown module;11.59672164917;2.8724977970123;;
/usr/lib64/libc.so.6;7.0347447395325;1.7425001859665;;
kernel;6.7420411109924;1.6699975728989;;
/usr/lib64/openmpi/lib/libmpi.so.40.40.7;1.8570919036865;0.46000003814697;;
/usr/lib64/ld-linux-x86-64.so.2;0.010092890821397;0.0025000004097819;;
[vdso];0.010092890821397;0.0025000004097819;;
