Metric;Node;Process;Thread;#max_time_on_cpu_s;IO;Time (s);#start_time_us;Exe;System;Others;#start_time_s;TBB;Pthread;#max_context_switch_time_s;#stop_time_us;#total;#stop_time_s;#event_count;OMP;#elapsed_time;MPI;String;Memory;Math;
cycles;_ALL;_ALL;_ALL;0;0;17.899991989136;529266;32274996480;1350000000;0;4982;0;0;0;467830;35799977984;5000;7159.9955968;1245000000;17.938564300537;0;0;930000000;0;
cycles;fedora;_ALL;_ALL;0;0;17.899991989136;529266;32274996480;1350000000;0;4982;0;0;0;467830;35799977984;5000;7159.9955968;1245000000;17.938564300537;0;0;930000000;0;
cycles;fedora;62969;_ALL;0;0;17.899991989136;529266;32274996480;1350000000;0;4982;0;0;0;467830;35799977984;5000;7159.9955968;1245000000;17.938564300537;0;0;930000000;0;
cycles;fedora;62969;62990;11.260083198547;0;17.89998626709;534303;16619998528;585000000;0;4982;0;0;11.260083198547;467676;17899986944;5000;3579.9973888;225000000;17.933372497559;0;0;470000000;0;
cycles;fedora;62969;62969;11.887534141541;0;17.899991989136;529266;15654997952;765000000;0;4982;0;0;11.887534141541;467830;17899991040;5000;3579.998208;1020000000;17.938564300537;0;0;460000000;0;
