Metric;Node;Process;Thread;#max_time_on_cpu_s;IO;Time (s);#start_time_us;Exe;System;Others;#start_time_s;TBB;Pthread;#max_context_switch_time_s;#stop_time_us;#total;#stop_time_s;#event_count;OMP;#elapsed_time;MPI;String;Memory;Math;
cycles;_ALL;_ALL;_ALL;0;0;13.430040359497;500383;40999996800;1080000000;0;4896;0;0;0;170882;43455096832;4910;8691.0193664;480000000;13.670497894287;0;0;895000000;0;
cycles;fedora;_ALL;_ALL;0;0;13.430040359497;500383;40999996800;1080000000;0;4896;0;0;0;170882;43455096832;4910;8691.0193664;480000000;13.670497894287;0;0;895000000;0;
cycles;fedora;61959;_ALL;0;0;13.430040359497;500383;40999996800;1080000000;0;4896;0;0;0;170882;43455096832;4910;8691.0193664;480000000;13.670497894287;0;0;895000000;0;
cycles;fedora;61959;61959;6.9880437850952;0;13.430040359497;500383;12480000512;530000000;0;4896;0;0;6.9880437850952;170882;13430040576;4910;2686.0081152;35000000;13.670497894287;0;0;385000000;0;
cycles;fedora;61959;61983;13.008841514587;0;10.010015487671;732474;9490000000;180000000;0;4896;0;0;9.1251668930054;170885;10010015744;4910;2002.0031488;150000000;13.438410758972;0;0;190000000;0;
cycles;fedora;61959;61984;13.008714675903;0;10.010012626648;732528;9459998336;220000000;0;4896;0;0;9.1251792907715;170880;10010012672;4910;2002.0025344;180000000;13.438351631165;0;0;150000000;0;
cycles;fedora;61959;61982;8.0687532424927;0;10.005027770996;732410;9569997952;150000000;0;4896;0;0;4.1851172447205;170882;10005027840;4910;2001.005568;115000000;13.438471794128;0;0;170000000;0;
