block_id;module;source_info;time_p;time_s;time_s_min;time_s_avg;time_s_max;cov_deviation;time_deviation;nb_threads;flops;flops_sca;flops_vec;flops_sp;flops_dp;flops_sca_sp;flops_sca_dp;flops_vec_sp;flops_vec_dp;
662;mg_omp_cpp_intel;mg.cpp:1012-1016;32.188808441162;5.2500004768372;;;;;;;;;;;;;;;;
678;mg_omp_cpp_intel;mg.cpp:1018-1019,mg.cpp:1029-1030;18.14835357666;2.9599997997284;;;;;;;;;;;;;;;;
987;mg_omp_cpp_intel;mg.cpp:917-921;14.684225082397;2.3949999809265;;;;;;;;;;;;;;;;
995;mg_omp_cpp_intel;mg.cpp:923-928;7.9092497825623;1.2900000810623;;;;;;;;;;;;;;;;
724;mg_omp_cpp_intel;mg.cpp:1108-1113,mg.cpp:1121-1121;5.6713604927063;0.92499995231628;;;;;;;;;;;;;;;;
1105;mg_omp_cpp_intel;mg.cpp:637-641;2.6057603359222;0.42499998211861;;;;;;;;;;;;;;;;
1089;mg_omp_cpp_intel;mg.cpp:625-629;2.2685441970825;0.36999997496605;;;;;;;;;;;;;;;;
726;mg_omp_cpp_intel;mg.cpp:1115-1115,mg.cpp:1121-1125;2.2378883361816;0.36500000953674;;;;;;;;;;;;;;;;
1084;mg_omp_cpp_intel;mg.cpp:619-623;2.115264415741;0.34499999880791;;;;;;;;;;;;;;;;
1097;mg_omp_cpp_intel;mg.cpp:631-635;2.0846080780029;0.33999994397163;;;;;;;;;;;;;;;;
1066;mg_omp_cpp_intel;mg.cpp:614-617;1.5021442174911;0.24500000476837;;;;;;;;;;;;;;;;
1985;mg_omp_cpp_intel;;1.1649281978607;0.18999999761581;;;;;;;;;;;;;;;;
673;mg_omp_cpp_intel;mg.cpp:1018-1019,mg.cpp:1029-1030;0.91968011856079;0.1499999910593;;;;;;;;;;;;;;;;
589;mg_omp_cpp_intel;mg.cpp:841-844;0.58246409893036;0.094999998807907;;;;;;;;;;;;;;;;
896;mg_omp_cpp_intel;mg.cpp:545-547;0.4598400592804;0.074999995529652;;;;;;;;;;;;;;;;
907;mg_omp_cpp_intel;mg.cpp:550-552;0.4291840493679;0.069999992847443;;;;;;;;;;;;;;;;
668;mg_omp_cpp_intel;mg.cpp:1012-1016;0.18393601477146;0.029999997466803;;;;;;;;;;;;;;;;
878;mg_omp_cpp_intel;mg.cpp:558-560;0.15328001976013;0.024999998509884;;;;;;;;;;;;;;;;
989;mg_omp_cpp_intel;mg.cpp:917-921;0.12262400984764;0.01999999769032;;;;;;;;;;;;;;;;
1072;mg_omp_cpp_intel;mg.cpp:614-617;0.06131200492382;0.00999999884516;;;;;;;;;;;;;;;;
2008;mg_omp_cpp_intel;;0.03065600246191;0.00499999942258;;;;;;;;;;;;;;;;
657;mg_omp_cpp_intel;mg.cpp:1011-1013;0.03065600246191;0.00499999942258;;;;;;;;;;;;;;;;
656;mg_omp_cpp_intel;mg.cpp:1005-1010;0.03065600246191;0.00499999942258;;;;;;;;;;;;;;;;
