block_id;module;source_info;time_p;time_s;time_s_min;time_s_avg;time_s_max;cov_deviation;time_deviation;nb_threads;flops;flops_sca;flops_vec;flops_sp;flops_dp;flops_sca_sp;flops_sca_dp;flops_vec_sp;flops_vec_dp;
662;mg_omp_cpp_intel;mg.cpp:1012-1016;28.645790100098;4.6750001907349;;;;;;;;;;;;;;;;
678;mg_omp_cpp_intel;mg.cpp:1018-1019,mg.cpp:1029-1030;18.596784591675;3.0350000858307;;;;;;;;;;;;;;;;
987;mg_omp_cpp_intel;mg.cpp:917-921;13.480372428894;2.2000002861023;;;;;;;;;;;;;;;;
995;mg_omp_cpp_intel;mg.cpp:923-928;8.0575857162476;1.3150000572205;;;;;;;;;;;;;;;;
724;mg_omp_cpp_intel;mg.cpp:1108-1113,mg.cpp:1121-1121;5.2389626502991;0.85500007867813;;;;;;;;;;;;;;;;
1105;mg_omp_cpp_intel;mg.cpp:637-641;2.6960742473602;0.44000002741814;;;;;;;;;;;;;;;;
1097;mg_omp_cpp_intel;mg.cpp:631-635;2.1752417087555;0.35500001907349;;;;;;;;;;;;;;;;
726;mg_omp_cpp_intel;mg.cpp:1115-1115,mg.cpp:1121-1125;2.1139674186707;0.34500002861023;;;;;;;;;;;;;;;;
1084;mg_omp_cpp_intel;mg.cpp:619-623;2.0526928901672;0.33500000834465;;;;;;;;;;;;;;;;
1089;mg_omp_cpp_intel;mg.cpp:625-629;1.7156835794449;0.28000000119209;;;;;;;;;;;;;;;;
1066;mg_omp_cpp_intel;mg.cpp:614-617;1.7156835794449;0.28000000119209;;;;;;;;;;;;;;;;
1985;mg_omp_cpp_intel;;1.3173998594284;0.21500000357628;;;;;;;;;;;;;;;;
673;mg_omp_cpp_intel;mg.cpp:1018-1019,mg.cpp:1029-1030;0.9803906083107;0.16000001132488;;;;;;;;;;;;;;;;
896;mg_omp_cpp_intel;mg.cpp:545-547;0.61274415254593;0.10000000149012;;;;;;;;;;;;;;;;
589;mg_omp_cpp_intel;mg.cpp:841-844;0.58210694789886;0.095000013709068;;;;;;;;;;;;;;;;
878;mg_omp_cpp_intel;mg.cpp:558-560;0.15318603813648;0.025000000372529;;;;;;;;;;;;;;;;
907;mg_omp_cpp_intel;mg.cpp:550-552;0.12254882603884;0.02000000141561;;;;;;;;;;;;;;;;
668;mg_omp_cpp_intel;mg.cpp:1012-1016;0.061274413019419;0.010000000707805;;;;;;;;;;;;;;;;
1996;mg_omp_cpp_intel;;0.030637206509709;0.0050000003539026;;;;;;;;;;;;;;;;
659;mg_omp_cpp_intel;mg.cpp:1011-1013;0.030637206509709;0.0050000003539026;;;;;;;;;;;;;;;;
663;mg_omp_cpp_intel;mg.cpp:1012-1012;0.030637206509709;0.0050000003539026;;;;;;;;;;;;;;;;
1094;mg_omp_cpp_intel;mg.cpp:625-629;0.030637206509709;0.0050000003539026;;;;;;;;;;;;;;;;
1072;mg_omp_cpp_intel;mg.cpp:614-617;0.030637206509709;0.0050000003539026;;;;;;;;;;;;;;;;
656;mg_omp_cpp_intel;mg.cpp:1005-1010;0.030637206509709;0.0050000003539026;;;;;;;;;;;;;;;;
