Metric;Node;Process;Thread;#max_time_on_cpu_s;IO;Time (s);#start_time_us;Exe;System;Others;#start_time_s;TBB;Pthread;#max_context_switch_time_s;#stop_time_us;#total;#stop_time_s;#event_count;OMP;#elapsed_time;MPI;String;Memory;Math;
cycles;_ALL;_ALL;_ALL;0;0;13.650025367737;345299;24710005184;1305000000;0;2303;0;0;0;225897;27100060672;2317;5420.0121344;420000000;13.880599021912;0;0;665000000;0;
cycles;fedora;_ALL;_ALL;0;0;13.650025367737;345299;24710005184;1305000000;0;2303;0;0;0;225897;27100060672;2317;5420.0121344;420000000;13.880599021912;0;0;665000000;0;
cycles;fedora;38131;_ALL;0;0;13.650025367737;345299;24710005184;1305000000;0;2303;0;0;0;225897;27100060672;2317;5420.0121344;420000000;13.880599021912;0;0;665000000;0;
cycles;fedora;38131;38131;9.4899263381958;0;13.450035095215;345299;11935001152;800000000;0;2303;0;0;0.9051765203476;225897;13450035200;2317;2690.00704;390000000;13.880599021912;0;0;325000000;0;
cycles;fedora;38131;38154;8.7711238861084;0;13.650025367737;347429;12775004032;505000000;0;2303;0;0;8.7711238861084;225899;13650025472;2317;2730.0050944;30000000;13.878469467163;0;0;340000000;0;
