block_id;module;source_info;time_p;time_s;time_s_min;time_s_avg;time_s_max;cov_deviation;time_deviation;nb_threads;flops;flops_sca;flops_vec;flops_sp;flops_dp;flops_sca_sp;flops_sca_dp;flops_vec_sp;flops_vec_dp;
662;mg_omp_cpp_intel;mg.cpp:1012-1016;20.439273834229;3.3500001430511;;;;;;;;;;;;;;;;
678;mg_omp_cpp_intel;mg.cpp:1018-1019,mg.cpp:1029-1030;10.616218566895;1.7399998903275;;;;;;;;;;;;;;;;
987;mg_omp_cpp_intel;mg.cpp:917-921;10.280649185181;1.6850001811981;;;;;;;;;;;;;;;;
724;mg_omp_cpp_intel;mg.cpp:1108-1113,mg.cpp:1121-1121;4.5149435997009;0.7399999499321;;;;;;;;;;;;;;;;
995;mg_omp_cpp_intel;mg.cpp:923-928;4.2403864860535;0.69500005245209;;;;;;;;;;;;;;;;
1097;mg_omp_cpp_intel;mg.cpp:631-635;1.7388634681702;0.28499999642372;;;;;;;;;;;;;;;;
1105;mg_omp_cpp_intel;mg.cpp:637-641;1.4032933712006;0.23000001907349;;;;;;;;;;;;;;;;
1089;mg_omp_cpp_intel;mg.cpp:625-629;1.2202550172806;0.19999998807907;;;;;;;;;;;;;;;;
726;mg_omp_cpp_intel;mg.cpp:1115-1115,mg.cpp:1121-1125;1.1897486448288;0.1950000077486;;;;;;;;;;;;;;;;
1066;mg_omp_cpp_intel;mg.cpp:614-617;1.1287358999252;0.18499998748302;;;;;;;;;;;;;;;;
1084;mg_omp_cpp_intel;mg.cpp:619-623;1.0372167825699;0.17000000178814;;;;;;;;;;;;;;;;
1985;mg_omp_cpp_intel;;0.73215305805206;0.12000000476837;;;;;;;;;;;;;;;;
896;mg_omp_cpp_intel;mg.cpp:545-547;0.61012750864029;0.099999994039536;;;;;;;;;;;;;;;;
673;mg_omp_cpp_intel;mg.cpp:1018-1019,mg.cpp:1029-1030;0.57962119579315;0.095000006258488;;;;;;;;;;;;;;;;
589;mg_omp_cpp_intel;mg.cpp:841-844;0.36607652902603;0.060000002384186;;;;;;;;;;;;;;;;
878;mg_omp_cpp_intel;mg.cpp:558-560;0.12202550470829;0.019999999552965;;;;;;;;;;;;;;;;
668;mg_omp_cpp_intel;mg.cpp:1012-1016;0.12202550470829;0.019999999552965;;;;;;;;;;;;;;;;
1978;mg_omp_cpp_intel;;0.061012752354145;0.0099999997764826;;;;;;;;;;;;;;;;
1982;mg_omp_cpp_intel;;0.030506376177073;0.0049999998882413;;;;;;;;;;;;;;;;
657;mg_omp_cpp_intel;mg.cpp:1011-1013;0.030506376177073;0.0049999998882413;;;;;;;;;;;;;;;;
659;mg_omp_cpp_intel;mg.cpp:1011-1013;0.030506376177073;0.0049999998882413;;;;;;;;;;;;;;;;
677;mg_omp_cpp_intel;mg.cpp:1018-1018;0.030506376177073;0.0049999998882413;;;;;;;;;;;;;;;;
1072;mg_omp_cpp_intel;mg.cpp:614-617;0.030506376177073;0.0049999998882413;;;;;;;;;;;;;;;;
907;mg_omp_cpp_intel;mg.cpp:550-552;0.030506376177073;0.0049999998882413;;;;;;;;;;;;;;;;
