name;time_p;time_s;cpi_ratio;
/mnt/lab/ihpc/aoc/architecture-opt-hpc-NPBMG/build/maqao_reports/ov_s1_mg_omp_f90_gfortran/binaries/mg_omp_f90_gfortran;92.198951721191;9.9482803344727;;
/usr/lib64/libc.so.6;2.8507175445557;0.30759283900261;;
/usr/lib64/libgomp.so.1.0.0;2.7087731361389;0.29227703809738;;
kernel;2.2356252670288;0.24122431874275;;
/usr/lib64/libgfortran.so.5.0.0;0.0059143523685634;0.00063815951580182;;
