block_id;module;source_info;time_p;time_s;time_s_min;time_s_avg;time_s_max;cov_deviation;time_deviation;nb_threads;flops;flops_sca;flops_vec;flops_sp;flops_dp;flops_sca_sp;flops_sca_dp;flops_vec_sp;flops_vec_dp;
662;mg_omp_cpp_intel;mg.cpp:1012-1016;28.391986846924;4.6349997520447;;;;;;;;;;;;;;;;
678;mg_omp_cpp_intel;mg.cpp:1018-1019,mg.cpp:1029-1030;18.95862197876;3.0950002670288;;;;;;;;;;;;;;;;
987;mg_omp_cpp_intel;mg.cpp:917-921;12.95556640625;2.1149997711182;;;;;;;;;;;;;;;;
995;mg_omp_cpp_intel;mg.cpp:923-928;8.4839067459106;1.3850001096725;;;;;;;;;;;;;;;;
724;mg_omp_cpp_intel;mg.cpp:1108-1113,mg.cpp:1121-1121;5.0842180252075;0.8299999833107;;;;;;;;;;;;;;;;
1097;mg_omp_cpp_intel;mg.cpp:631-635;2.4502255916595;0.39999997615814;;;;;;;;;;;;;;;;
1089;mg_omp_cpp_intel;mg.cpp:625-629;2.3277142047882;0.37999996542931;;;;;;;;;;;;;;;;
726;mg_omp_cpp_intel;mg.cpp:1115-1115,mg.cpp:1121-1125;2.2664585113525;0.36999994516373;;;;;;;;;;;;;;;;
1084;mg_omp_cpp_intel;mg.cpp:619-623;2.235830783844;0.36499997973442;;;;;;;;;;;;;;;;
1105;mg_omp_cpp_intel;mg.cpp:637-641;2.0826916694641;0.34000000357628;;;;;;;;;;;;;;;;
1985;mg_omp_cpp_intel;;1.439507484436;0.23499999940395;;;;;;;;;;;;;;;;
1066;mg_omp_cpp_intel;mg.cpp:614-617;1.2863683700562;0.20999999344349;;;;;;;;;;;;;;;;
673;mg_omp_cpp_intel;mg.cpp:1018-1019,mg.cpp:1029-1030;0.79632323980331;0.12999999523163;;;;;;;;;;;;;;;;
589;mg_omp_cpp_intel;mg.cpp:841-844;0.58192855119705;0.094999991357327;;;;;;;;;;;;;;;;
878;mg_omp_cpp_intel;mg.cpp:558-560;0.39816161990166;0.064999997615814;;;;;;;;;;;;;;;;
896;mg_omp_cpp_intel;mg.cpp:545-547;0.36753383278847;0.059999998658895;;;;;;;;;;;;;;;;
668;mg_omp_cpp_intel;mg.cpp:1012-1016;0.21439473330975;0.035000000149012;;;;;;;;;;;;;;;;
907;mg_omp_cpp_intel;mg.cpp:550-552;0.12251127511263;0.01999999769032;;;;;;;;;;;;;;;;
1109;mg_omp_cpp_intel;mg.cpp:637-641;0.061255637556314;0.00999999884516;;;;;;;;;;;;;;;;
1978;mg_omp_cpp_intel;;0.030627818778157;0.00499999942258;;;;;;;;;;;;;;;;
1546;mg_omp_cpp_intel;;0.030627818778157;0.00499999942258;;;;;;;;;;;;;;;;
664;mg_omp_cpp_intel;mg.cpp:1013-1013;0.030627818778157;0.00499999942258;;;;;;;;;;;;;;;;
659;mg_omp_cpp_intel;mg.cpp:1011-1013;0.030627818778157;0.00499999942258;;;;;;;;;;;;;;;;
989;mg_omp_cpp_intel;mg.cpp:917-921;0.030627818778157;0.00499999942258;;;;;;;;;;;;;;;;
