block_id;module;source_info;time_p;time_s;time_s_min;time_s_avg;time_s_max;cov_deviation;time_deviation;nb_threads;flops;flops_sca;flops_vec;flops_sp;flops_dp;flops_sca_sp;flops_sca_dp;flops_vec_sp;flops_vec_dp;
662;mg_omp_cpp_intel;mg.cpp:1012-1016;29.206205368042;4.7649998664856;;;;;;;;;;;;;;;;
678;mg_omp_cpp_intel;mg.cpp:1018-1019,mg.cpp:1029-1030;18.296018600464;2.9849998950958;;;;;;;;;;;;;;;;
987;mg_omp_cpp_intel;mg.cpp:917-921;13.637736320496;2.2250001430511;;;;;;;;;;;;;;;;
995;mg_omp_cpp_intel;mg.cpp:923-928;7.7842350006104;1.2699998617172;;;;;;;;;;;;;;;;
724;mg_omp_cpp_intel;mg.cpp:1108-1113,mg.cpp:1121-1121;5.4550948143005;0.89000010490417;;;;;;;;;;;;;;;;
1105;mg_omp_cpp_intel;mg.cpp:637-641;2.2678482532501;0.37000003457069;;;;;;;;;;;;;;;;
1097;mg_omp_cpp_intel;mg.cpp:631-635;2.206554889679;0.35999998450279;;;;;;;;;;;;;;;;
1089;mg_omp_cpp_intel;mg.cpp:625-629;2.0839686393738;0.34000000357628;;;;;;;;;;;;;;;;
1084;mg_omp_cpp_intel;mg.cpp:619-623;1.9920289516449;0.32500001788139;;;;;;;;;;;;;;;;
726;mg_omp_cpp_intel;mg.cpp:1115-1115,mg.cpp:1121-1125;1.9920289516449;0.32500001788139;;;;;;;;;;;;;;;;
1066;mg_omp_cpp_intel;mg.cpp:614-617;1.777502655983;0.29000002145767;;;;;;;;;;;;;;;;
1985;mg_omp_cpp_intel;;1.348450422287;0.22000002861023;;;;;;;;;;;;;;;;
673;mg_omp_cpp_intel;mg.cpp:1018-1019,mg.cpp:1029-1030;0.88875132799149;0.14500001072884;;;;;;;;;;;;;;;;
589;mg_omp_cpp_intel;mg.cpp:841-844;0.55163872241974;0.089999996125698;;;;;;;;;;;;;;;;
896;mg_omp_cpp_intel;mg.cpp:545-547;0.36775916814804;0.060000002384186;;;;;;;;;;;;;;;;
907;mg_omp_cpp_intel;mg.cpp:550-552;0.27581936120987;0.044999998062849;;;;;;;;;;;;;;;;
878;mg_omp_cpp_intel;mg.cpp:558-560;0.2145261913538;0.035000003874302;;;;;;;;;;;;;;;;
668;mg_omp_cpp_intel;mg.cpp:1012-1016;0.1532329916954;0.025000002235174;;;;;;;;;;;;;;;;
659;mg_omp_cpp_intel;mg.cpp:1011-1013;0.061293195933104;0.010000000707805;;;;;;;;;;;;;;;;
2008;mg_omp_cpp_intel;;0.030646597966552;0.0050000003539026;;;;;;;;;;;;;;;;
1085;mg_omp_cpp_intel;mg.cpp:619-619;0.030646597966552;0.0050000003539026;;;;;;;;;;;;;;;;
587;mg_omp_cpp_intel;mg.cpp:841-841;0.030646597966552;0.0050000003539026;;;;;;;;;;;;;;;;
988;mg_omp_cpp_intel;mg.cpp:917-917;0.030646597966552;0.0050000003539026;;;;;;;;;;;;;;;;
1072;mg_omp_cpp_intel;mg.cpp:614-617;0.030646597966552;0.0050000003539026;;;;;;;;;;;;;;;;
728;mg_omp_cpp_intel;mg.cpp:1103-1106;0.030646597966552;0.0050000003539026;;;;;;;;;;;;;;;;
