block_id;module;source_info;time_p;time_s;time_s_min;time_s_avg;time_s_max;cov_deviation;time_deviation;nb_threads;flops;flops_sca;flops_vec;flops_sp;flops_dp;flops_sca_sp;flops_sca_dp;flops_vec_sp;flops_vec_dp;
662;mg_omp_cpp_intel;mg.cpp:1012-1016;28.004850387573;4.5900001525879;;;;;;;;;;;;;;;;
678;mg_omp_cpp_intel;mg.cpp:1018-1019,mg.cpp:1029-1030;19.249517440796;3.154999256134;;;;;;;;;;;;;;;;
987;mg_omp_cpp_intel;mg.cpp:917-921;13.819385528564;2.2649998664856;;;;;;;;;;;;;;;;
995;mg_omp_cpp_intel;mg.cpp:923-928;7.565580368042;1.2400000095367;;;;;;;;;;;;;;;;
724;mg_omp_cpp_intel;mg.cpp:1108-1113,mg.cpp:1121-1121;5.4911465644836;0.8999999165535;;;;;;;;;;;;;;;;
1089;mg_omp_cpp_intel;mg.cpp:625-629;2.3794968128204;0.38999995589256;;;;;;;;;;;;;;;;
1105;mg_omp_cpp_intel;mg.cpp:637-641;2.2269651889801;0.36500000953674;;;;;;;;;;;;;;;;
1097;mg_omp_cpp_intel;mg.cpp:631-635;2.1354460716248;0.35000002384186;;;;;;;;;;;;;;;;
1084;mg_omp_cpp_intel;mg.cpp:619-623;2.0744330883026;0.33999997377396;;;;;;;;;;;;;;;;
726;mg_omp_cpp_intel;mg.cpp:1115-1115,mg.cpp:1121-1125;1.9524077177048;0.31999999284744;;;;;;;;;;;;;;;;
1066;mg_omp_cpp_intel;mg.cpp:614-617;1.5863312482834;0.25999999046326;;;;;;;;;;;;;;;;
1985;mg_omp_cpp_intel;;1.1897484064102;0.19499997794628;;;;;;;;;;;;;;;;
673;mg_omp_cpp_intel;mg.cpp:1018-1019,mg.cpp:1029-1030;1.1592421531677;0.19000001251698;;;;;;;;;;;;;;;;
896;mg_omp_cpp_intel;mg.cpp:545-547;0.64063376188278;0.10499998927116;;;;;;;;;;;;;;;;
589;mg_omp_cpp_intel;mg.cpp:841-844;0.610127389431;0.099999994039536;;;;;;;;;;;;;;;;
907;mg_omp_cpp_intel;mg.cpp:550-552;0.21354459226131;0.034999996423721;;;;;;;;;;;;;;;;
668;mg_omp_cpp_intel;mg.cpp:1012-1016;0.18303821980953;0.029999997466803;;;;;;;;;;;;;;;;
878;mg_omp_cpp_intel;mg.cpp:558-560;0.12202548235655;0.019999999552965;;;;;;;;;;;;;;;;
989;mg_omp_cpp_intel;mg.cpp:917-921;0.061012741178274;0.0099999997764826;;;;;;;;;;;;;;;;
677;mg_omp_cpp_intel;mg.cpp:1018-1018;0.030506370589137;0.0049999998882413;;;;;;;;;;;;;;;;
725;mg_omp_cpp_intel;mg.cpp:1108-1108,mg.cpp:1124-1125;0.030506370589137;0.0049999998882413;;;;;;;;;;;;;;;;
1094;mg_omp_cpp_intel;mg.cpp:625-629;0.030506370589137;0.0049999998882413;;;;;;;;;;;;;;;;
