block_id;module;source_info;time_p;time_s;time_s_min;time_s_avg;time_s_max;cov_deviation;time_deviation;nb_threads;flops;flops_sca;flops_vec;flops_sp;flops_dp;flops_sca_sp;flops_sca_dp;flops_vec_sp;flops_vec_dp;
662;mg_omp_cpp_intel;mg.cpp:1012-1016;31.936330795288;5.2199997901917;;;;;;;;;;;;;;;;
678;mg_omp_cpp_intel;mg.cpp:1018-1019,mg.cpp:1029-1030;18.78247833252;3.0699999332428;;;;;;;;;;;;;;;;
987;mg_omp_cpp_intel;mg.cpp:917-921;14.071561813354;2.2999994754791;;;;;;;;;;;;;;;;
995;mg_omp_cpp_intel;mg.cpp:923-928;8.565299987793;1.3999999761581;;;;;;;;;;;;;;;;
724;mg_omp_cpp_intel;mg.cpp:1108-1113,mg.cpp:1121-1121;5.9039387702942;0.96499997377396;;;;;;;;;;;;;;;;
1089;mg_omp_cpp_intel;mg.cpp:625-629;2.7531321048737;0.44999998807907;;;;;;;;;;;;;;;;
1097;mg_omp_cpp_intel;mg.cpp:631-635;2.2636864185333;0.37000000476837;;;;;;;;;;;;;;;;
1084;mg_omp_cpp_intel;mg.cpp:619-623;2.2330961227417;0.36500003933907;;;;;;;;;;;;;;;;
1105;mg_omp_cpp_intel;mg.cpp:637-641;2.2330961227417;0.36500003933907;;;;;;;;;;;;;;;;
726;mg_omp_cpp_intel;mg.cpp:1115-1115,mg.cpp:1121-1125;1.9883731603622;0.32499998807907;;;;;;;;;;;;;;;;
1985;mg_omp_cpp_intel;;1.3459757566452;0.22000001370907;;;;;;;;;;;;;;;;
1066;mg_omp_cpp_intel;mg.cpp:614-617;1.1318432092667;0.18500000238419;;;;;;;;;;;;;;;;
673;mg_omp_cpp_intel;mg.cpp:1018-1019,mg.cpp:1029-1030;0.82593965530396;0.13500000536442;;;;;;;;;;;;;;;;
589;mg_omp_cpp_intel;mg.cpp:841-844;0.61180710792542;0.10000000149012;;;;;;;;;;;;;;;;
896;mg_omp_cpp_intel;mg.cpp:545-547;0.5200360417366;0.084999993443489;;;;;;;;;;;;;;;;
907;mg_omp_cpp_intel;mg.cpp:550-552;0.27531319856644;0.044999998062849;;;;;;;;;;;;;;;;
878;mg_omp_cpp_intel;mg.cpp:558-560;0.27531319856644;0.044999998062849;;;;;;;;;;;;;;;;
668;mg_omp_cpp_intel;mg.cpp:1012-1016;0.091771066188812;0.014999999664724;;;;;;;;;;;;;;;;
989;mg_omp_cpp_intel;mg.cpp:917-921;0.061180714517832;0.010000000707805;;;;;;;;;;;;;;;;
659;mg_omp_cpp_intel;mg.cpp:1011-1013;0.030590357258916;0.0050000003539026;;;;;;;;;;;;;;;;
728;mg_omp_cpp_intel;mg.cpp:1103-1106;0.030590357258916;0.0050000003539026;;;;;;;;;;;;;;;;
656;mg_omp_cpp_intel;mg.cpp:1005-1010;0.030590357258916;0.0050000003539026;;;;;;;;;;;;;;;;
