block_id;module;source_info;time_p;time_s;time_s_min;time_s_avg;time_s_max;cov_deviation;time_deviation;nb_threads;flops;flops_sca;flops_vec;flops_sp;flops_dp;flops_sca_sp;flops_sca_dp;flops_vec_sp;flops_vec_dp;
662;mg_omp_cpp_intel;mg.cpp:1012-1016;28.209781646729;4.6250004768372;;;;;;;;;;;;;;;;
678;mg_omp_cpp_intel;mg.cpp:1018-1019,mg.cpp:1029-1030;19.152154922485;3.1400003433228;;;;;;;;;;;;;;;;
987;mg_omp_cpp_intel;mg.cpp:917-921;13.327214241028;2.1849999427795;;;;;;;;;;;;;;;;
995;mg_omp_cpp_intel;mg.cpp:923-928;8.0817203521729;1.3249999284744;;;;;;;;;;;;;;;;
724;mg_omp_cpp_intel;mg.cpp:1108-1113,mg.cpp:1121-1121;5.4894704818726;0.89999997615814;;;;;;;;;;;;;;;;
1089;mg_omp_cpp_intel;mg.cpp:625-629;2.4397647380829;0.40000000596046;;;;;;;;;;;;;;;;
1105;mg_omp_cpp_intel;mg.cpp:637-641;2.2872793674469;0.375;;;;;;;;;;;;;;;;
1097;mg_omp_cpp_intel;mg.cpp:631-635;2.2567822933197;0.37000000476837;;;;;;;;;;;;;;;;
726;mg_omp_cpp_intel;mg.cpp:1115-1115,mg.cpp:1121-1125;2.1042971611023;0.34499999880791;;;;;;;;;;;;;;;;
1066;mg_omp_cpp_intel;mg.cpp:614-617;1.7383323907852;0.28499999642372;;;;;;;;;;;;;;;;
1084;mg_omp_cpp_intel;mg.cpp:619-623;1.6468412876129;0.27000001072884;;;;;;;;;;;;;;;;
1985;mg_omp_cpp_intel;;1.2198823690414;0.20000000298023;;;;;;;;;;;;;;;;
673;mg_omp_cpp_intel;mg.cpp:1018-1019,mg.cpp:1029-1030;0.79292351007462;0.12999999523163;;;;;;;;;;;;;;;;
589;mg_omp_cpp_intel;mg.cpp:841-844;0.64043825864792;0.10500000417233;;;;;;;;;;;;;;;;
896;mg_omp_cpp_intel;mg.cpp:545-547;0.48795294761658;0.079999998211861;;;;;;;;;;;;;;;;
878;mg_omp_cpp_intel;mg.cpp:558-560;0.27447351813316;0.044999998062849;;;;;;;;;;;;;;;;
907;mg_omp_cpp_intel;mg.cpp:550-552;0.12198823690414;0.019999999552965;;;;;;;;;;;;;;;;
668;mg_omp_cpp_intel;mg.cpp:1012-1016;0.12198823690414;0.019999999552965;;;;;;;;;;;;;;;;
989;mg_omp_cpp_intel;mg.cpp:917-921;0.091491177678108;0.015000000596046;;;;;;;;;;;;;;;;
1546;mg_omp_cpp_intel;;0.030497059226036;0.0049999998882413;;;;;;;;;;;;;;;;
1106;mg_omp_cpp_intel;mg.cpp:605-605,mg.cpp:637-637;0.030497059226036;0.0049999998882413;;;;;;;;;;;;;;;;
666;mg_omp_cpp_intel;mg.cpp:1005-1005,mg.cpp:1012-1012,mg.cpp:1019-1019;0.030497059226036;0.0049999998882413;;;;;;;;;;;;;;;;
