Metric;Node;Process;Thread;#max_time_on_cpu_s;IO;Time (s);#start_time_us;Exe;System;Others;#start_time_s;TBB;Pthread;#max_context_switch_time_s;#stop_time_us;#total;#stop_time_s;#event_count;OMP;#elapsed_time;MPI;String;Memory;Math;
cycles;_ALL;_ALL;_ALL;0;0;12.495036125183;800244;37520001216;1180000000;0;1884;0;0;0;525623;39795077120;1897;7959.015424;330000000;12.725378036499;0;0;765000000;0;
cycles;fedora;_ALL;_ALL;0;0;12.495036125183;800244;37520001216;1180000000;0;1884;0;0;0;525623;39795077120;1897;7959.015424;330000000;12.725378036499;0;0;765000000;0;
cycles;fedora;32816;_ALL;0;0;12.495036125183;800244;37520001216;1180000000;0;1884;0;0;0;525623;39795077120;1897;7959.015424;330000000;12.725378036499;0;0;765000000;0;
cycles;fedora;32816;32839;5.7812194824219;0;9.1000213623047;23909;8615001536;205000000;0;1885;0;0;4.9601035118103;525622;9100021760;1897;1820.004352;125000000;12.501712799072;0;0;155000000;0;
cycles;fedora;32816;32816;9.5022821426392;0;12.495036125183;800244;11635001536;555000000;0;1884;0;0;9.5022821426392;525623;12495036416;1897;2499.0072832;10000000;12.725378036499;0;0;295000000;0;
cycles;fedora;32816;32840;12.086230278015;0;9.1000051498413;23963;8649999488;190000000;0;1885;0;0;8.26513671875;525622;9100005376;1897;1820.0010752;95000000;12.501659393311;0;0;165000000;0;
cycles;fedora;32816;32841;12.086274147034;0;9.1000137329102;24015;8619998656;230000000;0;1885;0;0;8.2651319503784;525625;9100013568;1897;1820.0027136;100000000;12.501608848572;0;0;150000000;0;
