Metric;Node;Process;Thread;#max_time_on_cpu_s;IO;Time (s);#start_time_us;Exe;System;Others;#start_time_s;TBB;Pthread;#max_context_switch_time_s;#stop_time_us;#total;#stop_time_s;#event_count;OMP;#elapsed_time;MPI;String;Memory;Math;
cycles;_ALL;_ALL;_ALL;0;0;18.23503112793;466856;16774996224;830000000;0;3298;0;0;0;714642;18235031552;3316;3647.0063104;10000000;18.247785568237;0;0;620000000;0;
cycles;lbw-Lenovo-G5000-IRH8;_ALL;_ALL;0;0;18.23503112793;466856;16774996224;830000000;0;3298;0;0;0;714642;18235031552;3316;3647.0063104;10000000;18.247785568237;0;0;620000000;0;
cycles;lbw-Lenovo-G5000-IRH8;134353;_ALL;0;0;18.23503112793;466856;16774996224;830000000;0;3298;0;0;0;714642;18235031552;3316;3647.0063104;10000000;18.247785568237;0;0;620000000;0;
cycles;lbw-Lenovo-G5000-IRH8;134353;134353;5.1158838272095;0;18.23503112793;466856;16774996224;830000000;0;3298;0;0;5.1158838272095;714642;18235031552;3316;3647.0063104;10000000;18.247785568237;0;0;620000000;0;
