name;time_p;time_s;cpi_ratio;
/mnt/lab/ihpc/aoc/architecture-opt-hpc-NPBMG/build/maqao_reports/ov_ws_mg_mpi_f90_gfortran/binaries/mg_mpi_f90_gfortran;88.893028259277;24.649974822998;;
kernel;7.3206000328064;2.0299973487854;;
/usr/lib64/libc.so.6;3.7324290275574;1.0349999666214;;
/usr/lib64/ld-linux-x86-64.so.2;0.036062117666006;0.0099999997764826;;
[vdso];0.018031058833003;0.0049999998882413;;
