block_id;module;source_info;time_p;time_s;time_s_min;time_s_avg;time_s_max;cov_deviation;time_deviation;nb_threads;flops;flops_sca;flops_vec;flops_sp;flops_dp;flops_sca_sp;flops_sca_dp;flops_vec_sp;flops_vec_dp;
812;mg_omp_cpp_g++;mg.cpp:1012-1016;33.681846618652;3.0599992275238;;;;;;;;;;;;;;;;
854;mg_omp_cpp_g++;mg.cpp:1018-1019,mg.cpp:1029-1030;17.666460037231;1.6049997806549;;;;;;;;;;;;;;;;
915;mg_omp_cpp_g++;mg.cpp:917-921;15.079781532288;1.3699997663498;;;;;;;;;;;;;;;;
960;mg_omp_cpp_g++;mg.cpp:923-928;8.3654279708862;0.75999999046326;;;;;;;;;;;;;;;;
1008;mg_omp_cpp_g++;mg.cpp:1108-1113;6.6042852401733;0.60000002384186;;;;;;;;;;;;;;;;
1411;mg_omp_cpp_g++;mg.cpp:619-623;2.5866780281067;0.23499996960163;;;;;;;;;;;;;;;;
1131;mg_omp_cpp_g++;mg.cpp:631-635;2.3114995956421;0.20999997854233;;;;;;;;;;;;;;;;
1095;mg_omp_cpp_g++;mg.cpp:614-617;2.2564640045166;0.20499999821186;;;;;;;;;;;;;;;;
1118;mg_omp_cpp_g++;mg.cpp:625-629;2.2014281749725;0.19999998807907;;;;;;;;;;;;;;;;
1022;mg_omp_cpp_g++;mg.cpp:1115-1125;2.2014281749725;0.19999998807907;;;;;;;;;;;;;;;;
1144;mg_omp_cpp_g++;mg.cpp:637-641;2.0913569927216;0.18999999761581;;;;;;;;;;;;;;;;
633;mg_omp_cpp_g++;mg.cpp:545-547;0.82553565502167;0.075000002980232;;;;;;;;;;;;;;;;
232;mg_omp_cpp_g++;mg.cpp:841-844;0.66042846441269;0.059999994933605;;;;;;;;;;;;;;;;
696;mg_omp_cpp_g++;mg.cpp:558-560;0.33021423220634;0.029999997466803;;;;;;;;;;;;;;;;
647;mg_omp_cpp_g++;mg.cpp:550-552;0.33021423220634;0.029999997466803;;;;;;;;;;;;;;;;
817;mg_omp_cpp_g++;mg.cpp:1012-1016;0.16510711610317;0.014999998733401;;;;;;;;;;;;;;;;
672;mg_omp_cpp_g++;mg.cpp:559-560;0.055035706609488;0.00499999942258;;;;;;;;;;;;;;;;
818;mg_omp_cpp_g++;mg.cpp:1018-1018;0.055035706609488;0.00499999942258;;;;;;;;;;;;;;;;
920;mg_omp_cpp_g++;mg.cpp:917-921;0.055035706609488;0.00499999942258;;;;;;;;;;;;;;;;
