block_id;module;source_info;time_p;time_s;time_s_min;time_s_avg;time_s_max;cov_deviation;time_deviation;nb_threads;flops;flops_sca;flops_vec;flops_sp;flops_dp;flops_sca_sp;flops_sca_dp;flops_vec_sp;flops_vec_dp;
662;mg_omp_cpp_intel;mg.cpp:1012-1016;19.993877410889;3.2699999809265;;;;;;;;;;;;;;;;
678;mg_omp_cpp_intel;mg.cpp:1018-1019,mg.cpp:1029-1030;11.189233779907;1.8299999237061;;;;;;;;;;;;;;;;
987;mg_omp_cpp_intel;mg.cpp:917-921;10.149797439575;1.66000020504;;;;;;;;;;;;;;;;
995;mg_omp_cpp_intel;mg.cpp:923-928;4.4328937530518;0.72500014305115;;;;;;;;;;;;;;;;
724;mg_omp_cpp_intel;mg.cpp:1108-1113,mg.cpp:1121-1121;3.9743182659149;0.65000003576279;;;;;;;;;;;;;;;;
1084;mg_omp_cpp_intel;mg.cpp:619-623;1.6202989816666;0.26500001549721;;;;;;;;;;;;;;;;
1105;mg_omp_cpp_intel;mg.cpp:637-641;1.498012304306;0.24500001966953;;;;;;;;;;;;;;;;
726;mg_omp_cpp_intel;mg.cpp:1115-1115,mg.cpp:1121-1125;1.4674406051636;0.2400000244379;;;;;;;;;;;;;;;;
1089;mg_omp_cpp_intel;mg.cpp:625-629;1.2840104103088;0.20999999344349;;;;;;;;;;;;;;;;
1097;mg_omp_cpp_intel;mg.cpp:631-635;1.0700087547302;0.17500001192093;;;;;;;;;;;;;;;;
1066;mg_omp_cpp_intel;mg.cpp:614-617;1.0088653564453;0.16499999165535;;;;;;;;;;;;;;;;
1985;mg_omp_cpp_intel;;0.82543534040451;0.13500000536442;;;;;;;;;;;;;;;;
673;mg_omp_cpp_intel;mg.cpp:1018-1019,mg.cpp:1029-1030;0.5808619260788;0.095000013709068;;;;;;;;;;;;;;;;
896;mg_omp_cpp_intel;mg.cpp:545-547;0.48914685845375;0.080000005662441;;;;;;;;;;;;;;;;
589;mg_omp_cpp_intel;mg.cpp:841-844;0.36686015129089;0.060000006109476;;;;;;;;;;;;;;;;
878;mg_omp_cpp_intel;mg.cpp:558-560;0.24457342922688;0.040000002831221;;;;;;;;;;;;;;;;
907;mg_omp_cpp_intel;mg.cpp:550-552;0.091715037822723;0.015000001527369;;;;;;;;;;;;;;;;
668;mg_omp_cpp_intel;mg.cpp:1012-1016;0.091715037822723;0.015000001527369;;;;;;;;;;;;;;;;
1982;mg_omp_cpp_intel;;0.061143357306719;0.010000000707805;;;;;;;;;;;;;;;;
659;mg_omp_cpp_intel;mg.cpp:1011-1013;0.030571678653359;0.0050000003539026;;;;;;;;;;;;;;;;
984;mg_omp_cpp_intel;mg.cpp:916-918;0.030571678653359;0.0050000003539026;;;;;;;;;;;;;;;;
286;mg_omp_cpp_intel;mg.cpp:1244-1244;0.030571678653359;0.0050000003539026;;;;;;;;;;;;;;;;
1072;mg_omp_cpp_intel;mg.cpp:614-617;0.030571678653359;0.0050000003539026;;;;;;;;;;;;;;;;
