name;time_p;time_s;cpi_ratio;
/mnt/lab/ihpc/aoc/architecture-opt-hpc-NPBMG/build/mg_mpi_f90_gfortran;73.392333984375;7.0933856964111;;
/usr/lib64/libfabric.so.1.28.0;8.5457248687744;0.82594627141953;;
/usr/lib64/libc.so.6;8.2675523757935;0.7990608215332;;
kernel;8.2675523757935;0.7990608215332;;
/usr/lib64/openmpi/lib/libmpi.so.40.40.7;1.3520489931107;0.13067585229874;;
/usr/lib64/openmpi/lib/libopen-pal.so.80.0.5;0.064691334962845;0.0062524322420359;;
/usr/lib64/ld-linux-x86-64.so.2;0.058222200721502;0.0056271888315678;;
/usr/lib64/libucm.so.0.0.0;0.032345667481422;0.0031262161210179;;
/usr/lib64/libevent_core-2.1.so.7.0.1;0.019407400861382;0.0018757296493277;;
