Metric;Node;Process;Thread;#max_time_on_cpu_s;IO;Time (s);#start_time_us;Exe;System;Others;#start_time_s;TBB;Pthread;#max_context_switch_time_s;#stop_time_us;#total;#stop_time_s;#event_count;OMP;#elapsed_time;MPI;String;Memory;Math;
cycles;_ALL;_ALL;_ALL;0;0;12.270030975342;986342;43764995904;1390000000;0;5001;0;0;0;273578;49010085888;5014;9802.0171776;2650000000;12.28723526001;0;0;1205000000;0;
cycles;fedora;_ALL;_ALL;0;0;12.270030975342;986342;43764995904;1390000000;0;5001;0;0;0;273578;49010085888;5014;9802.0171776;2650000000;12.28723526001;0;0;1205000000;0;
cycles;fedora;63112;_ALL;0;0;12.270030975342;986342;43764995904;1390000000;0;5001;0;0;0;273578;49010085888;5014;9802.0171776;2650000000;12.28723526001;0;0;1205000000;0;
cycles;fedora;63112;63133;5.8174300193787;0;12.245018005371;991575;10469999424;275000000;0;5001;0;0;5.8174300193787;273406;12245017600;5014;2449.00352;1190000000;12.281831741333;0;0;310000000;0;
cycles;fedora;63112;63112;5.2462196350098;0;12.270030975342;986342;10734998720;505000000;0;5001;0;0;5.2462196350098;273578;12270030848;5014;2454.0061696;730000000;12.28723526001;0;0;300000000;0;
cycles;fedora;63112;63134;7.3315124511719;0;12.245017051697;991631;11359998016;310000000;0;5001;0;0;7.3315124511719;273405;12245016576;5014;2449.0033152;285000000;12.281774520874;0;0;290000000;0;
cycles;fedora;63112;63135;12.245239257813;0;12.250020980835;991696;11199999744;300000000;0;5001;0;0;12.245239257813;273405;12250020864;5014;2450.0041728;445000000;12.281708717346;0;0;305000000;0;
