block_id;module;source_info;time_p;time_s;time_s_min;time_s_avg;time_s_max;cov_deviation;time_deviation;nb_threads;flops;flops_sca;flops_vec;flops_sp;flops_dp;flops_sca_sp;flops_sca_dp;flops_vec_sp;flops_vec_dp;
543;mg_omp_cpp_clang++;mg.cpp:1012-1016;30.1282081604;3.0550003051758;;;;;;;;;;;;;;;;
556;mg_omp_cpp_clang++;mg.cpp:1018-1019,mg.cpp:1029-1030;19.723865509033;2;;;;;;;;;;;;;;;;
957;mg_omp_cpp_clang++;mg.cpp:917-921;12.820512771606;1.2999999523163;;;;;;;;;;;;;;;;
970;mg_omp_cpp_clang++;mg.cpp:923-928;7.9388556480408;0.80500000715256;;;;;;;;;;;;;;;;
621;mg_omp_cpp_clang++;mg.cpp:1109-1113;4.9802761077881;0.50499999523163;;;;;;;;;;;;;;;;
1033;mg_omp_cpp_clang++;mg.cpp:614-617;2.3175539970398;0.23499998450279;;;;;;;;;;;;;;;;
1067;mg_omp_cpp_clang++;mg.cpp:637-641;2.2682445049286;0.23000000417233;;;;;;;;;;;;;;;;
1053;mg_omp_cpp_clang++;mg.cpp:625-629;2.2189347743988;0.22499999403954;;;;;;;;;;;;;;;;
627;mg_omp_cpp_clang++;mg.cpp:1115-1125;2.071005821228;0.20999999344349;;;;;;;;;;;;;;;;
1060;mg_omp_cpp_clang++;mg.cpp:631-635;1.7751477956772;0.1799999922514;;;;;;;;;;;;;;;;
1041;mg_omp_cpp_clang++;mg.cpp:620-623;1.5779092311859;0.16000001132488;;;;;;;;;;;;;;;;
553;mg_omp_cpp_clang++;mg.cpp:1018-1020,mg.cpp:1029-1030;0.83826422691345;0.08500000089407;;;;;;;;;;;;;;;;
841;mg_omp_cpp_clang++;mg.cpp:545-547;0.5917159318924;0.059999998658895;;;;;;;;;;;;;;;;
486;mg_omp_cpp_clang++;mg.cpp:842-844;0.49309661984444;0.049999997019768;;;;;;;;;;;;;;;;
546;mg_omp_cpp_clang++;mg.cpp:1012-1016;0.24654830992222;0.024999998509884;;;;;;;;;;;;;;;;
538;mg_omp_cpp_clang++;mg.cpp:1010-1011;0.19723865389824;0.02000000141561;;;;;;;;;;;;;;;;
487;mg_omp_cpp_clang++;mg.cpp:841-841;0.09861932694912;0.010000000707805;;;;;;;;;;;;;;;;
855;mg_omp_cpp_clang++;mg.cpp:550-552;0.09861932694912;0.010000000707805;;;;;;;;;;;;;;;;
1042;mg_omp_cpp_clang++;mg.cpp:619-623;0.04930966347456;0.0050000003539026;;;;;;;;;;;;;;;;
547;mg_omp_cpp_clang++;mg.cpp:1018-1018;0.04930966347456;0.0050000003539026;;;;;;;;;;;;;;;;
1024;mg_omp_cpp_clang++;mg.cpp:611-612;0.04930966347456;0.0050000003539026;;;;;;;;;;;;;;;;
1056;mg_omp_cpp_clang++;mg.cpp:625-629;0.04930966347456;0.0050000003539026;;;;;;;;;;;;;;;;
960;mg_omp_cpp_clang++;mg.cpp:917-921;0.04930966347456;0.0050000003539026;;;;;;;;;;;;;;;;
535;mg_omp_cpp_clang++;mg.cpp:1009-1011;0.04930966347456;0.0050000003539026;;;;;;;;;;;;;;;;
