block_id;module;source_info;time_p;time_s;time_s_min;time_s_avg;time_s_max;cov_deviation;time_deviation;nb_threads;flops;flops_sca;flops_vec;flops_sp;flops_dp;flops_sca_sp;flops_sca_dp;flops_vec_sp;flops_vec_dp;
543;mg_omp_cpp_clang++;mg.cpp:1012-1016;30.389719009399;3.0799999237061;;;;;;;;;;;;;;;;
556;mg_omp_cpp_clang++;mg.cpp:1018-1019,mg.cpp:1029-1030;19.881586074829;2.0150001049042;;;;;;;;;;;;;;;;
957;mg_omp_cpp_clang++;mg.cpp:917-921;12.234822273254;1.2399998903275;;;;;;;;;;;;;;;;
970;mg_omp_cpp_clang++;mg.cpp:923-928;8.3374395370483;0.84500002861023;;;;;;;;;;;;;;;;
621;mg_omp_cpp_clang++;mg.cpp:1109-1113;4.48939037323;0.45500001311302;;;;;;;;;;;;;;;;
627;mg_omp_cpp_clang++;mg.cpp:1115-1125;2.8120357990265;0.28499999642372;;;;;;;;;;;;;;;;
1067;mg_omp_cpp_clang++;mg.cpp:637-641;2.6146998405457;0.26499998569489;;;;;;;;;;;;;;;;
1033;mg_omp_cpp_clang++;mg.cpp:614-617;2.5653657913208;0.25999999046326;;;;;;;;;;;;;;;;
1053;mg_omp_cpp_clang++;mg.cpp:625-629;2.0720262527466;0.20999997854233;;;;;;;;;;;;;;;;
1041;mg_omp_cpp_clang++;mg.cpp:620-623;1.5293527841568;0.15499998629093;;;;;;;;;;;;;;;;
1060;mg_omp_cpp_clang++;mg.cpp:631-635;1.4800188541412;0.1499999910593;;;;;;;;;;;;;;;;
553;mg_omp_cpp_clang++;mg.cpp:1018-1020,mg.cpp:1029-1030;0.69067543745041;0.069999992847443;;;;;;;;;;;;;;;;
486;mg_omp_cpp_clang++;mg.cpp:842-844;0.54267358779907;0.055000003427267;;;;;;;;;;;;;;;;
841;mg_omp_cpp_clang++;mg.cpp:545-547;0.44400560855865;0.044999994337559;;;;;;;;;;;;;;;;
855;mg_omp_cpp_clang++;mg.cpp:550-552;0.14800187945366;0.014999999664724;;;;;;;;;;;;;;;;
546;mg_omp_cpp_clang++;mg.cpp:1012-1016;0.14800187945366;0.014999999664724;;;;;;;;;;;;;;;;
538;mg_omp_cpp_clang++;mg.cpp:1010-1011;0.098667919635773;0.0099999997764826;;;;;;;;;;;;;;;;
1036;mg_omp_cpp_clang++;mg.cpp:614-617;0.098667919635773;0.0099999997764826;;;;;;;;;;;;;;;;
806;mg_omp_cpp_clang++;mg.cpp:558-560;0.098667919635773;0.0099999997764826;;;;;;;;;;;;;;;;
539;mg_omp_cpp_clang++;mg.cpp:1012-1012;0.049333959817886;0.0049999998882413;;;;;;;;;;;;;;;;
1044;mg_omp_cpp_clang++;mg.cpp:619-619;0.049333959817886;0.0049999998882413;;;;;;;;;;;;;;;;
955;mg_omp_cpp_clang++;mg.cpp:917-917;0.049333959817886;0.0049999998882413;;;;;;;;;;;;;;;;
1056;mg_omp_cpp_clang++;mg.cpp:625-629;0.049333959817886;0.0049999998882413;;;;;;;;;;;;;;;;
1069;mg_omp_cpp_clang++;mg.cpp:637-641;0.049333959817886;0.0049999998882413;;;;;;;;;;;;;;;;
960;mg_omp_cpp_clang++;mg.cpp:917-921;0.049333959817886;0.0049999998882413;;;;;;;;;;;;;;;;
