block_id;module;source_info;time_p;time_s;time_s_min;time_s_avg;time_s_max;cov_deviation;time_deviation;nb_threads;flops;flops_sca;flops_vec;flops_sp;flops_dp;flops_sca_sp;flops_sca_dp;flops_vec_sp;flops_vec_dp;
543;mg_omp_cpp_clang++;mg.cpp:1012-1016;31.327058792114;3.1749997138977;;;;;;;;;;;;;;;;
556;mg_omp_cpp_clang++;mg.cpp:1018-1019,mg.cpp:1029-1030;16.724210739136;1.6949999332428;;;;;;;;;;;;;;;;
957;mg_omp_cpp_clang++;mg.cpp:917-921;12.382823944092;1.2550001144409;;;;;;;;;;;;;;;;
970;mg_omp_cpp_clang++;mg.cpp:923-928;7.9427666664124;0.80499994754791;;;;;;;;;;;;;;;;
621;mg_omp_cpp_clang++;mg.cpp:1109-1113;5.2293992042542;0.52999997138977;;;;;;;;;;;;;;;;
1033;mg_omp_cpp_clang++;mg.cpp:614-617;2.9600374698639;0.30000001192093;;;;;;;;;;;;;;;;
1053;mg_omp_cpp_clang++;mg.cpp:625-629;2.5653655529022;0.25999996066093;;;;;;;;;;;;;;;;
1067;mg_omp_cpp_clang++;mg.cpp:637-641;2.0226922035217;0.20499999821186;;;;;;;;;;;;;;;;
627;mg_omp_cpp_clang++;mg.cpp:1115-1125;1.9240242242813;0.19499997794628;;;;;;;;;;;;;;;;
1041;mg_omp_cpp_clang++;mg.cpp:620-623;1.4800187349319;0.15000000596046;;;;;;;;;;;;;;;;
1060;mg_omp_cpp_clang++;mg.cpp:631-635;1.18401491642;0.11999998986721;;;;;;;;;;;;;;;;
553;mg_omp_cpp_clang++;mg.cpp:1018-1020,mg.cpp:1029-1030;0.74000936746597;0.075000002980232;;;;;;;;;;;;;;;;
486;mg_omp_cpp_clang++;mg.cpp:842-844;0.59200745820999;0.059999994933605;;;;;;;;;;;;;;;;
841;mg_omp_cpp_clang++;mg.cpp:545-547;0.54267352819443;0.054999999701977;;;;;;;;;;;;;;;;
538;mg_omp_cpp_clang++;mg.cpp:1010-1011;0.34533768892288;0.035000000149012;;;;;;;;;;;;;;;;
806;mg_omp_cpp_clang++;mg.cpp:558-560;0.34533768892288;0.035000000149012;;;;;;;;;;;;;;;;
960;mg_omp_cpp_clang++;mg.cpp:917-921;0.19733582437038;0.019999999552965;;;;;;;;;;;;;;;;
541;mg_omp_cpp_clang++;mg.cpp:1012-1012;0.098667912185192;0.0099999997764826;;;;;;;;;;;;;;;;
855;mg_omp_cpp_clang++;mg.cpp:550-552;0.098667912185192;0.0099999997764826;;;;;;;;;;;;;;;;
546;mg_omp_cpp_clang++;mg.cpp:1012-1016;0.098667912185192;0.0099999997764826;;;;;;;;;;;;;;;;
1042;mg_omp_cpp_clang++;mg.cpp:619-623;0.049333956092596;0.0049999998882413;;;;;;;;;;;;;;;;
961;mg_omp_cpp_clang++;mg.cpp:923-923;0.049333956092596;0.0049999998882413;;;;;;;;;;;;;;;;
1062;mg_omp_cpp_clang++;mg.cpp:631-631;0.049333956092596;0.0049999998882413;;;;;;;;;;;;;;;;
1056;mg_omp_cpp_clang++;mg.cpp:625-629;0.049333956092596;0.0049999998882413;;;;;;;;;;;;;;;;
