Metric;Node;Process;Thread;#max_time_on_cpu_s;IO;Time (s);#start_time_us;Exe;System;Others;#start_time_s;TBB;Pthread;#max_context_switch_time_s;#stop_time_us;#total;#stop_time_s;#event_count;OMP;#elapsed_time;MPI;String;Memory;Math;
cycles;_ALL;_ALL;_ALL;0;0;26.579893112183;670979;24980001344;1155000000;0;4849;0;0;0;540849;26579892224;4876;5315.9784448;0;26.869869232178;0;0;445000000;0;
cycles;fedora;_ALL;_ALL;0;0;26.579893112183;670979;24980001344;1155000000;0;4849;0;0;0;540849;26579892224;4876;5315.9784448;0;26.869869232178;0;0;445000000;0;
cycles;fedora;61425;_ALL;0;0;26.579893112183;670979;24980001344;1155000000;0;4849;0;0;0;540849;26579892224;4876;5315.9784448;0;26.869869232178;0;0;445000000;0;
cycles;fedora;61425;61425;8.0518579483032;0;26.579893112183;670979;24980001344;1155000000;0;4849;0;0;8.0518579483032;540849;26579892224;4876;5315.9784448;0;26.869869232178;0;0;445000000;0;
