block_id;module;source_info;time_p;time_s;time_s_min;time_s_avg;time_s_max;cov_deviation;time_deviation;nb_threads;flops;flops_sca;flops_vec;flops_sp;flops_dp;flops_sca_sp;flops_sca_dp;flops_vec_sp;flops_vec_dp;
662;mg_omp_cpp_intel;mg.cpp:1012-1016;29.318208694458;4.7950005531311;;;;;;;;;;;;;;;;
678;mg_omp_cpp_intel;mg.cpp:1018-1019,mg.cpp:1029-1030;17.884408950806;2.9249999523163;;;;;;;;;;;;;;;;
987;mg_omp_cpp_intel;mg.cpp:917-921;13.420950889587;2.1950001716614;;;;;;;;;;;;;;;;
995;mg_omp_cpp_intel;mg.cpp:923-928;7.8263401985168;1.2799999713898;;;;;;;;;;;;;;;;
724;mg_omp_cpp_intel;mg.cpp:1108-1113,mg.cpp:1121-1121;4.9220342636108;0.80500000715256;;;;;;;;;;;;;;;;
726;mg_omp_cpp_intel;mg.cpp:1115-1115,mg.cpp:1121-1125;2.415159702301;0.39500001072884;;;;;;;;;;;;;;;;
1089;mg_omp_cpp_intel;mg.cpp:625-629;2.3845880031586;0.38999998569489;;;;;;;;;;;;;;;;
1105;mg_omp_cpp_intel;mg.cpp:637-641;2.2011580467224;0.35999995470047;;;;;;;;;;;;;;;;
1084;mg_omp_cpp_intel;mg.cpp:619-623;2.1400148868561;0.34999999403954;;;;;;;;;;;;;;;;
1097;mg_omp_cpp_intel;mg.cpp:631-635;2.1400148868561;0.34999999403954;;;;;;;;;;;;;;;;
1066;mg_omp_cpp_intel;mg.cpp:614-617;1.5285820960999;0.25;;;;;;;;;;;;;;;;
1985;mg_omp_cpp_intel;;1.4062955379486;0.23000000417233;;;;;;;;;;;;;;;;
673;mg_omp_cpp_intel;mg.cpp:1018-1019,mg.cpp:1029-1030;1.1005790233612;0.17999997735023;;;;;;;;;;;;;;;;
589;mg_omp_cpp_intel;mg.cpp:841-844;0.5502895116806;0.089999988675117;;;;;;;;;;;;;;;;
896;mg_omp_cpp_intel;mg.cpp:545-547;0.4891462624073;0.079999998211861;;;;;;;;;;;;;;;;
907;mg_omp_cpp_intel;mg.cpp:550-552;0.36685970425606;0.059999998658895;;;;;;;;;;;;;;;;
668;mg_omp_cpp_intel;mg.cpp:1012-1016;0.18342985212803;0.029999999329448;;;;;;;;;;;;;;;;
989;mg_omp_cpp_intel;mg.cpp:917-921;0.15285821259022;0.025000000372529;;;;;;;;;;;;;;;;
878;mg_omp_cpp_intel;mg.cpp:558-560;0.12228656560183;0.019999999552965;;;;;;;;;;;;;;;;
1996;mg_omp_cpp_intel;;0.061143282800913;0.0099999997764826;;;;;;;;;;;;;;;;
2008;mg_omp_cpp_intel;;0.030571641400456;0.0049999998882413;;;;;;;;;;;;;;;;
1546;mg_omp_cpp_intel;;0.030571641400456;0.0049999998882413;;;;;;;;;;;;;;;;
982;mg_omp_cpp_intel;mg.cpp:916-917;0.030571641400456;0.0049999998882413;;;;;;;;;;;;;;;;
