block_id;module;source_info;time_p;time_s;time_s_min;time_s_avg;time_s_max;cov_deviation;time_deviation;nb_threads;flops;flops_sca;flops_vec;flops_sp;flops_dp;flops_sca_sp;flops_sca_dp;flops_vec_sp;flops_vec_dp;
662;mg_omp_cpp_intel;mg.cpp:1012-1016;30.764501571655;5.0300002098083;;;;;;;;;;;;;;;;
678;mg_omp_cpp_intel;mg.cpp:1018-1019,mg.cpp:1029-1030;19.418943405151;3.1749999523163;;;;;;;;;;;;;;;;
987;mg_omp_cpp_intel;mg.cpp:917-921;14.831789970398;2.4249997138977;;;;;;;;;;;;;;;;
995;mg_omp_cpp_intel;mg.cpp:923-928;7.7369980812073;1.2650002241135;;;;;;;;;;;;;;;;
724;mg_omp_cpp_intel;mg.cpp:1108-1113,mg.cpp:1121-1121;5.9327168464661;0.97000002861023;;;;;;;;;;;;;;;;
1105;mg_omp_cpp_intel;mg.cpp:637-641;2.5382242202759;0.41500002145767;;;;;;;;;;;;;;;;
1089;mg_omp_cpp_intel;mg.cpp:625-629;2.3853189945221;0.38999998569489;;;;;;;;;;;;;;;;
1084;mg_omp_cpp_intel;mg.cpp:619-623;2.1712520122528;0.35499998927116;;;;;;;;;;;;;;;;
1097;mg_omp_cpp_intel;mg.cpp:631-635;1.8348609209061;0.30000001192093;;;;;;;;;;;;;;;;
726;mg_omp_cpp_intel;mg.cpp:1115-1115,mg.cpp:1121-1125;1.804279923439;0.2950000166893;;;;;;;;;;;;;;;;
1066;mg_omp_cpp_intel;mg.cpp:614-617;1.6513748168945;0.27000001072884;;;;;;;;;;;;;;;;
1985;mg_omp_cpp_intel;;1.2844026088715;0.21000000834465;;;;;;;;;;;;;;;;
673;mg_omp_cpp_intel;mg.cpp:1018-1019,mg.cpp:1029-1030;1.0091735124588;0.16500000655651;;;;;;;;;;;;;;;;
589;mg_omp_cpp_intel;mg.cpp:841-844;0.61162030696869;0.10000000149012;;;;;;;;;;;;;;;;
896;mg_omp_cpp_intel;mg.cpp:545-547;0.51987725496292;0.08500000089407;;;;;;;;;;;;;;;;
907;mg_omp_cpp_intel;mg.cpp:550-552;0.36697217822075;0.060000002384186;;;;;;;;;;;;;;;;
668;mg_omp_cpp_intel;mg.cpp:1012-1016;0.21406710147858;0.035000000149012;;;;;;;;;;;;;;;;
878;mg_omp_cpp_intel;mg.cpp:558-560;0.15290507674217;0.025000000372529;;;;;;;;;;;;;;;;
725;mg_omp_cpp_intel;mg.cpp:1108-1108,mg.cpp:1124-1125;0.061162028461695;0.0099999997764826;;;;;;;;;;;;;;;;
1546;mg_omp_cpp_intel;;0.030581014230847;0.0049999998882413;;;;;;;;;;;;;;;;
657;mg_omp_cpp_intel;mg.cpp:1011-1013;0.030581014230847;0.0049999998882413;;;;;;;;;;;;;;;;
659;mg_omp_cpp_intel;mg.cpp:1011-1013;0.030581014230847;0.0049999998882413;;;;;;;;;;;;;;;;
671;mg_omp_cpp_intel;mg.cpp:1019-1019;0.030581014230847;0.0049999998882413;;;;;;;;;;;;;;;;
989;mg_omp_cpp_intel;mg.cpp:917-921;0.030581014230847;0.0049999998882413;;;;;;;;;;;;;;;;
