name;time_p;time_s;cpi_ratio;
/mnt/lab/ihpc/aoc/architecture-opt-hpc-NPBMG/build/maqao_reports/ov_ws_mg_mpi_f90_aocc/binaries/mg_mpi_f90_aocc;64.918388366699;7.816189289093;;
/usr/lib64/libc.so.6;14.934019088745;1.7980595827103;;
/usr/lib64/libfabric.so.1.28.0;9.845235824585;1.1853687763214;;
kernel;8.2666759490967;0.99530977010727;;
/usr/lib64/openmpi/lib/libmpi.so.40.40.7;1.9005045890808;0.2288212031126;;
/usr/lib64/openmpi/lib/libopen-pal.so.80.0.5;0.072696894407272;0.0087527232244611;;
/usr/lib64/ld-linux-x86-64.so.2;0.041541084647179;0.0050015565939248;;
/usr/lib64/openmpi/lib/libmpi_mpifh.so.40.40.1;0.020770542323589;0.0025007782969624;;
