block_id;module;source_info;time_p;time_s;time_s_min;time_s_avg;time_s_max;cov_deviation;time_deviation;nb_threads;flops;flops_sca;flops_vec;flops_sp;flops_dp;flops_sca_sp;flops_sca_dp;flops_vec_sp;flops_vec_dp;
812;mg_omp_cpp_g++;mg.cpp:1012-1016;29.359519958496;4.6300001144409;;;;;;;;;;;;;;;;
854;mg_omp_cpp_g++;mg.cpp:1018-1019,mg.cpp:1029-1030;23.113489151001;3.6450002193451;;;;;;;;;;;;;;;;
915;mg_omp_cpp_g++;mg.cpp:917-921;13.696883201599;2.1600003242493;;;;;;;;;;;;;;;;
960;mg_omp_cpp_g++;mg.cpp:923-928;8.78249168396;1.3850001096725;;;;;;;;;;;;;;;;
1008;mg_omp_cpp_g++;mg.cpp:1108-1113;5.1997423171997;0.82000005245209;;;;;;;;;;;;;;;;
1022;mg_omp_cpp_g++;mg.cpp:1115-1125;3.170574426651;0.5;;;;;;;;;;;;;;;;
1118;mg_omp_cpp_g++;mg.cpp:625-629;3.0437514781952;0.47999998927116;;;;;;;;;;;;;;;;
1411;mg_omp_cpp_g++;mg.cpp:619-623;2.4730479717255;0.38999998569489;;;;;;;;;;;;;;;;
1144;mg_omp_cpp_g++;mg.cpp:637-641;2.4096367359161;0.38000002503395;;;;;;;;;;;;;;;;
1131;mg_omp_cpp_g++;mg.cpp:631-635;1.8389332294464;0.29000002145767;;;;;;;;;;;;;;;;
1095;mg_omp_cpp_g++;mg.cpp:614-617;1.6804044246674;0.26500001549721;;;;;;;;;;;;;;;;
232;mg_omp_cpp_g++;mg.cpp:841-844;0.66582059860229;0.10499998927116;;;;;;;;;;;;;;;;
633;mg_omp_cpp_g++;mg.cpp:545-547;0.50729191303253;0.079999998211861;;;;;;;;;;;;;;;;
817;mg_omp_cpp_g++;mg.cpp:1012-1016;0.28535169363022;0.044999998062849;;;;;;;;;;;;;;;;
920;mg_omp_cpp_g++;mg.cpp:917-921;0.22194021940231;0.035000000149012;;;;;;;;;;;;;;;;
647;mg_omp_cpp_g++;mg.cpp:550-552;0.22194021940231;0.035000000149012;;;;;;;;;;;;;;;;
696;mg_omp_cpp_g++;mg.cpp:558-560;0.12682297825813;0.019999999552965;;;;;;;;;;;;;;;;
1017;mg_omp_cpp_g++;mg.cpp:1115-1115;0.063411489129066;0.0099999997764826;;;;;;;;;;;;;;;;
1007;mg_omp_cpp_g++;mg.cpp:1111-1111;0.063411489129066;0.0099999997764826;;;;;;;;;;;;;;;;
1098;mg_omp_cpp_g++;mg.cpp:617-617;0.031705744564533;0.0049999998882413;;;;;;;;;;;;;;;;
1150;mg_omp_cpp_g++;mg.cpp:638-641;0.031705744564533;0.0049999998882413;;;;;;;;;;;;;;;;
848;mg_omp_cpp_g++;mg.cpp:1019-1019;0.031705744564533;0.0049999998882413;;;;;;;;;;;;;;;;
850;mg_omp_cpp_g++;mg.cpp:1019-1019;0.031705744564533;0.0049999998882413;;;;;;;;;;;;;;;;
907;mg_omp_cpp_g++;mg.cpp:918-918;0.031705744564533;0.0049999998882413;;;;;;;;;;;;;;;;
1506;mg_omp_cpp_g++;mg.cpp:1242-1244;0.031705744564533;0.0049999998882413;;;;;;;;;;;;;;;;
1029;mg_omp_cpp_g++;mg.cpp:1106-1106;0.031705744564533;0.0049999998882413;;;;;;;;;;;;;;;;
