Metric;Node;Process;Thread;#max_time_on_cpu_s;IO;Time (s);#start_time_us;Exe;System;Others;#start_time_s;TBB;Pthread;#max_context_switch_time_s;#stop_time_us;#total;#stop_time_s;#event_count;OMP;#elapsed_time;MPI;String;Memory;Math;
cycles;_ALL;_ALL;_ALL;0;0;16.440031051636;876395;27524999680;1055000000;0;1866;0;0;0;549483;29490051072;1883;5898.0102144;330000000;16.67308807373;0;0;580000000;0;
cycles;fedora;_ALL;_ALL;0;0;16.440031051636;876395;27524999680;1055000000;0;1866;0;0;0;549483;29490051072;1883;5898.0102144;330000000;16.67308807373;0;0;580000000;0;
cycles;fedora;32463;_ALL;0;0;16.440031051636;876395;27524999680;1055000000;0;1866;0;0;0;549483;29490051072;1883;5898.0102144;330000000;16.67308807373;0;0;580000000;0;
cycles;fedora;32463;32463;10.411728858948;0;16.440031051636;876395;15379999488;675000000;0;1866;0;0;10.411728858948;549483;16440031232;1883;3288.0062464;5000000;16.67308807373;0;0;380000000;0;
cycles;fedora;32463;32486;16.035186767578;0;13.050020217896;100964;12145000192;380000000;0;1867;0;0;11.753317832947;549475;13050019840;1883;2610.003968;325000000;16.448511123657;0;0;200000000;0;
