Metric;Node;Process;Thread;#max_time_on_cpu_s;IO;Time (s);#start_time_us;Exe;System;Others;#start_time_s;TBB;Pthread;#max_context_switch_time_s;#stop_time_us;#total;#stop_time_s;#event_count;OMP;#elapsed_time;MPI;String;Memory;Math;
cycles;_ALL;_ALL;_ALL;0;0;32.39994430542;847893;30855000448;1110000000;0;57487;0;0;0;502865;32399943680;57520;6479.988736;5000000;32.654972076416;0;0;430000000;0;
cycles;fedora;_ALL;_ALL;0;0;32.39994430542;847893;30855000448;1110000000;0;57487;0;0;0;502865;32399943680;57520;6479.988736;5000000;32.654972076416;0;0;430000000;0;
cycles;fedora;557373;_ALL;0;0;32.39994430542;847893;30855000448;1110000000;0;57487;0;0;0;502865;32399943680;57520;6479.988736;5000000;32.654972076416;0;0;430000000;0;
cycles;fedora;557373;557373;32.402488708496;0;32.39994430542;847893;30855000448;1110000000;0;57487;0;0;32.402488708496;502865;32399943680;57520;6479.988736;5000000;32.654972076416;0;0;430000000;0;
