block_id;module;source_info;time_p;time_s;time_s_min;time_s_avg;time_s_max;cov_deviation;time_deviation;nb_threads;flops;flops_sca;flops_vec;flops_sp;flops_dp;flops_sca_sp;flops_sca_dp;flops_vec_sp;flops_vec_dp;
662;mg_omp_cpp_intel;mg.cpp:1012-1016;32.25309753418;5.2750015258789;;;;;;;;;;;;;;;;
678;mg_omp_cpp_intel;mg.cpp:1018-1019,mg.cpp:1029-1030;18.31241607666;2.9949996471405;;;;;;;;;;;;;;;;
987;mg_omp_cpp_intel;mg.cpp:917-921;14.276960372925;2.335000038147;;;;;;;;;;;;;;;;
995;mg_omp_cpp_intel;mg.cpp:923-928;8.3460597991943;1.3650000095367;;;;;;;;;;;;;;;;
724;mg_omp_cpp_intel;mg.cpp:1108-1113,mg.cpp:1121-1121;5.7474699020386;0.93999999761581;;;;;;;;;;;;;;;;
1105;mg_omp_cpp_intel;mg.cpp:637-641;2.4151604175568;0.39500004053116;;;;;;;;;;;;;;;;
1097;mg_omp_cpp_intel;mg.cpp:631-635;2.3845884799957;0.38999998569489;;;;;;;;;;;;;;;;
1089;mg_omp_cpp_intel;mg.cpp:625-629;2.2623021602631;0.37000000476837;;;;;;;;;;;;;;;;
1084;mg_omp_cpp_intel;mg.cpp:619-623;2.0483005046844;0.33500000834465;;;;;;;;;;;;;;;;
726;mg_omp_cpp_intel;mg.cpp:1115-1115,mg.cpp:1121-1125;1.9871573448181;0.32500004768372;;;;;;;;;;;;;;;;
1985;mg_omp_cpp_intel;;1.3145809173584;0.21500000357628;;;;;;;;;;;;;;;;
1066;mg_omp_cpp_intel;mg.cpp:614-617;1.2840092182159;0.20999999344349;;;;;;;;;;;;;;;;
673;mg_omp_cpp_intel;mg.cpp:1018-1019,mg.cpp:1029-1030;0.82543456554413;0.13500000536442;;;;;;;;;;;;;;;;
589;mg_omp_cpp_intel;mg.cpp:841-844;0.61143296957016;0.10000000149012;;;;;;;;;;;;;;;;
896;mg_omp_cpp_intel;mg.cpp:545-547;0.58086138963699;0.095000006258488;;;;;;;;;;;;;;;;
878;mg_omp_cpp_intel;mg.cpp:558-560;0.27514484524727;0.045000001788139;;;;;;;;;;;;;;;;
907;mg_omp_cpp_intel;mg.cpp:550-552;0.15285824239254;0.025000000372529;;;;;;;;;;;;;;;;
668;mg_omp_cpp_intel;mg.cpp:1012-1016;0.091714948415756;0.015000000596046;;;;;;;;;;;;;;;;
989;mg_omp_cpp_intel;mg.cpp:917-921;0.061143301427364;0.010000000707805;;;;;;;;;;;;;;;;
1063;mg_omp_cpp_intel;mg.cpp:613-614;0.030571650713682;0.0050000003539026;;;;;;;;;;;;;;;;
659;mg_omp_cpp_intel;mg.cpp:1011-1013;0.030571650713682;0.0050000003539026;;;;;;;;;;;;;;;;
663;mg_omp_cpp_intel;mg.cpp:1012-1012;0.030571650713682;0.0050000003539026;;;;;;;;;;;;;;;;
1102;mg_omp_cpp_intel;mg.cpp:631-635;0.030571650713682;0.0050000003539026;;;;;;;;;;;;;;;;
727;mg_omp_cpp_intel;mg.cpp:1106-1106,mg.cpp:1115-1115;0.030571650713682;0.0050000003539026;;;;;;;;;;;;;;;;
