Metric;Node;Process;Thread;#max_time_on_cpu_s;IO;Time (s);#start_time_us;Exe;System;Others;#start_time_s;TBB;Pthread;#max_context_switch_time_s;#stop_time_us;#total;#stop_time_s;#event_count;OMP;#elapsed_time;MPI;String;Memory;Math;
cycles;_ALL;_ALL;_ALL;0;0;17.665012359619;965140;42519996096;1130000000;0;1346;0;0;0;867513;47505050624;1364;9501.0101248;3060000000;17.902372360229;0;0;795000000;0;
cycles;fedora;_ALL;_ALL;0;0;17.665012359619;965140;42519996096;1130000000;0;1346;0;0;0;867513;47505050624;1364;9501.0101248;3060000000;17.902372360229;0;0;795000000;0;
cycles;fedora;26084;_ALL;0;0;17.665012359619;965140;42519996096;1130000000;0;1346;0;0;0;867513;47505050624;1364;9501.0101248;3060000000;17.902372360229;0;0;795000000;0;
cycles;fedora;26084;26084;7.5507354736328;0;17.665012359619;965140;16759998400;520000000;0;1346;0;0;7.5507354736328;867513;17665011712;1364;3533.0023424;30000000;17.902372360229;0;0;355000000;0;
cycles;fedora;26084;26105;10.069988250732;0;9.950008392334;189899;8569998912;195000000;0;1347;0;0;7.5953159332275;867351;9950008320;1364;1990.001664;1030000000;17.677452087402;0;0;155000000;0;
cycles;fedora;26084;26106;11.475088119507;0;9.9450159072876;189958;8705000128;205000000;0;1347;0;0;3.7695827484131;867350;9945016320;1364;1989.003264;895000000;17.677391052246;0;0;140000000;0;
cycles;fedora;26084;26107;13.590354919434;0;9.945013999939;190041;8484998656;210000000;0;1347;0;0;4.2904014587402;867349;9945014272;1364;1989.0028544;1105000000;17.677309036255;0;0;145000000;0;
