Metric;Node;Process;Thread;#max_time_on_cpu_s;IO;Time (s);#start_time_us;Exe;System;Others;#start_time_s;TBB;Pthread;#max_context_switch_time_s;#stop_time_us;#total;#stop_time_s;#event_count;OMP;#elapsed_time;MPI;String;Memory;Math;
cycles;_ALL;_ALL;_ALL;0;0;11.775016784668;174585;41869999040;1530000000;0;58344;0;5000000;0;120374;44570059776;58356;8914.0119552;15000000;11.945789337158;0;0;1150000000;0;
cycles;fedora;_ALL;_ALL;0;0;11.775016784668;174585;41869999040;1530000000;0;58344;0;5000000;0;120374;44570059776;58356;8914.0119552;15000000;11.945789337158;0;0;1150000000;0;
cycles;fedora;567893;_ALL;0;0;11.775016784668;174585;41869999040;1530000000;0;58344;0;5000000;0;120374;44570059776;58356;8914.0119552;15000000;11.945789337158;0;0;1150000000;0;
cycles;fedora;567893;567893;11.930299758911;0;11.775016784668;174585;10924999616;560000000;0;58344;0;0;3.8564603328705;120374;11775016960;58356;2355.003392;5000000;11.945789337158;0;0;285000000;0;
cycles;fedora;567893;567906;11.686412811279;0;10.790014266968;181109;10200000128;290000000;0;58344;0;0;1.1366798877716;120141;10790013952;58356;2158.0027904;5000000;11.939031600952;0;0;295000000;0;
cycles;fedora;567893;567907;11.686093330383;0;10.645013809204;181167;10034999744;310000000;0;58344;0;5000000;0.88334441184998;120218;10645013504;58356;2129.0027008;5000000;11.939050674438;0;0;290000000;0;
cycles;fedora;567893;567908;11.686553955078;0;11.360014915466;181234;10709999552;370000000;0;58344;0;0;3.0961065292358;120269;11360015360;58356;2272.003072;0;11.939035415649;0;0;280000000;0;
