Metric;Node;Process;Thread;#max_time_on_cpu_s;IO;Time (s);#start_time_us;Exe;System;Others;#start_time_s;TBB;Pthread;#max_context_switch_time_s;#stop_time_us;#total;#stop_time_s;#event_count;OMP;#elapsed_time;MPI;String;Memory;Math;
cycles;_ALL;_ALL;_ALL;0;0;10.845030784607;352819;38220000448;1535000000;0;58561;0;0;0;471420;42445065216;58572;8489.0130432;1535000000;11.118600845337;0;0;1155000000;0;
cycles;fedora;_ALL;_ALL;0;0;10.845030784607;352819;38220000448;1535000000;0;58561;0;0;0;471420;42445065216;58572;8489.0130432;1535000000;11.118600845337;0;0;1155000000;0;
cycles;fedora;570913;_ALL;0;0;10.845030784607;352819;38220000448;1535000000;0;58561;0;0;0;471420;42445065216;58572;8489.0130432;1535000000;11.118600845337;0;0;1155000000;0;
cycles;fedora;570913;570928;8.4186592102051;0;10.845030784607;355172;10085001472;330000000;0;58561;0;0;8.4186592102051;471420;10845030400;58572;2169.00608;135000000;11.116248130798;0;0;295000000;0;
cycles;fedora;570913;570929;5.4442739486694;0;10.410020828247;355221;9294998336;290000000;0;58561;0;0;1.9404695034027;471420;10410020864;58572;2082.0041728;530000000;11.116199493408;0;0;295000000;0;
cycles;fedora;570913;570913;11.110444068909;0;10.715009689331;352819;9420000512;605000000;0;58561;0;0;2.3254082202911;471420;10715010048;58572;2143.0020096;415000000;11.118600845337;0;0;275000000;0;
cycles;fedora;570913;570930;8.3231325149536;0;10.475004196167;355259;9420000128;310000000;0;58561;0;0;1.6852717399597;471423;10475003904;58572;2095.0007808;455000000;11.116164207458;0;0;290000000;0;
