Metric;Node;Process;Thread;#max_time_on_cpu_s;IO;Time (s);#start_time_us;Exe;System;Others;#start_time_s;TBB;Pthread;#max_context_switch_time_s;#stop_time_us;#total;#stop_time_s;#event_count;OMP;#elapsed_time;MPI;String;Memory;Math;
cycles;_ALL;_ALL;_ALL;0;0;31.299938201904;896086;29835007936;1005000000;0;1290;0;0;0;432040;31299938304;1322;6259.9876608;5000000;31.535953521729;0;0;455000000;0;
cycles;fedora;_ALL;_ALL;0;0;31.299938201904;896086;29835007936;1005000000;0;1290;0;0;0;432040;31299938304;1322;6259.9876608;5000000;31.535953521729;0;0;455000000;0;
cycles;fedora;25375;_ALL;0;0;31.299938201904;896086;29835007936;1005000000;0;1290;0;0;0;432040;31299938304;1322;6259.9876608;5000000;31.535953521729;0;0;455000000;0;
cycles;fedora;25375;25375;10.491684913635;0;31.299938201904;896086;29835007936;1005000000;0;1290;0;0;10.491684913635;432040;31299938304;1322;6259.9876608;5000000;31.535953521729;0;0;455000000;0;
