block_id;module;source_info;time_p;time_s;time_s_min;time_s_avg;time_s_max;cov_deviation;time_deviation;nb_threads;flops;flops_sca;flops_vec;flops_sp;flops_dp;flops_sca_sp;flops_sca_dp;flops_vec_sp;flops_vec_dp;
662;mg_omp_cpp_intel;mg.cpp:1012-1016;28.912672042847;4.7200002670288;;;;;;;;;;;;;;;;
678;mg_omp_cpp_intel;mg.cpp:1018-1019,mg.cpp:1029-1030;18.315441131592;2.9899995326996;;;;;;;;;;;;;;;;
987;mg_omp_cpp_intel;mg.cpp:917-921;13.598754882813;2.2199997901917;;;;;;;;;;;;;;;;
995;mg_omp_cpp_intel;mg.cpp:923-928;7.8407254219055;1.2800002098083;;;;;;;;;;;;;;;;
724;mg_omp_cpp_intel;mg.cpp:1108-1113,mg.cpp:1121-1121;5.5742650032043;0.9099999666214;;;;;;;;;;;;;;;;
1089;mg_omp_cpp_intel;mg.cpp:625-629;2.5114822387695;0.41000002622604;;;;;;;;;;;;;;;;
1097;mg_omp_cpp_intel;mg.cpp:631-635;2.3277151584625;0.38000002503395;;;;;;;;;;;;;;;;
1105;mg_omp_cpp_intel;mg.cpp:637-641;2.2052037715912;0.36000001430511;;;;;;;;;;;;;;;;
1084;mg_omp_cpp_intel;mg.cpp:619-623;2.0826923847198;0.34000000357628;;;;;;;;;;;;;;;;
726;mg_omp_cpp_intel;mg.cpp:1115-1115,mg.cpp:1121-1125;1.92955327034;0.31499999761581;;;;;;;;;;;;;;;;
1066;mg_omp_cpp_intel;mg.cpp:614-617;1.2863688468933;0.20999999344349;;;;;;;;;;;;;;;;
1985;mg_omp_cpp_intel;;1.2557411193848;0.20500001311302;;;;;;;;;;;;;;;;
673;mg_omp_cpp_intel;mg.cpp:1018-1019,mg.cpp:1029-1030;0.94946277141571;0.15500000119209;;;;;;;;;;;;;;;;
589;mg_omp_cpp_intel;mg.cpp:841-844;0.5513009428978;0.090000003576279;;;;;;;;;;;;;;;;
907;mg_omp_cpp_intel;mg.cpp:550-552;0.39816176891327;0.064999997615814;;;;;;;;;;;;;;;;
896;mg_omp_cpp_intel;mg.cpp:545-547;0.2756504714489;0.045000001788139;;;;;;;;;;;;;;;;
668;mg_omp_cpp_intel;mg.cpp:1012-1016;0.18376699090004;0.030000001192093;;;;;;;;;;;;;;;;
878;mg_omp_cpp_intel;mg.cpp:558-560;0.15313915908337;0.025000002235174;;;;;;;;;;;;;;;;
989;mg_omp_cpp_intel;mg.cpp:917-921;0.061255659908056;0.0099999997764826;;;;;;;;;;;;;;;;
657;mg_omp_cpp_intel;mg.cpp:1011-1013;0.030627829954028;0.0049999998882413;;;;;;;;;;;;;;;;
996;mg_omp_cpp_intel;mg.cpp:923-923;0.030627829954028;0.0049999998882413;;;;;;;;;;;;;;;;
