block_id;module;source_info;time_p;time_s;time_s_min;time_s_avg;time_s_max;cov_deviation;time_deviation;nb_threads;flops;flops_sca;flops_vec;flops_sp;flops_dp;flops_sca_sp;flops_sca_dp;flops_vec_sp;flops_vec_dp;
662;mg_omp_cpp_intel;mg.cpp:1012-1016;20.669687271118;3.3949995040894;;;;;;;;;;;;;;;;
678;mg_omp_cpp_intel;mg.cpp:1018-1019,mg.cpp:1029-1030;10.684921264648;1.7550001144409;;;;;;;;;;;;;;;;
987;mg_omp_cpp_intel;mg.cpp:917-921;9.8325624465942;1.6150000095367;;;;;;;;;;;;;;;;
995;mg_omp_cpp_intel;mg.cpp:923-928;4.4139986038208;0.72499996423721;;;;;;;;;;;;;;;;
724;mg_omp_cpp_intel;mg.cpp:1108-1113,mg.cpp:1121-1121;4.2617917060852;0.69999998807907;;;;;;;;;;;;;;;;
1105;mg_omp_cpp_intel;mg.cpp:637-641;1.796040892601;0.2950000166893;;;;;;;;;;;;;;;;
1097;mg_omp_cpp_intel;mg.cpp:631-635;1.4307442903519;0.23499998450279;;;;;;;;;;;;;;;;
726;mg_omp_cpp_intel;mg.cpp:1115-1115,mg.cpp:1121-1125;1.4003030061722;0.23000000417233;;;;;;;;;;;;;;;;
1089;mg_omp_cpp_intel;mg.cpp:625-629;1.2785375118256;0.20999999344349;;;;;;;;;;;;;;;;
1084;mg_omp_cpp_intel;mg.cpp:619-623;1.2785375118256;0.20999999344349;;;;;;;;;;;;;;;;
1066;mg_omp_cpp_intel;mg.cpp:614-617;0.913241147995;0.15000000596046;;;;;;;;;;;;;;;;
1985;mg_omp_cpp_intel;;0.79147559404373;0.12999999523163;;;;;;;;;;;;;;;;
896;mg_omp_cpp_intel;mg.cpp:545-547;0.73059290647507;0.12000000476837;;;;;;;;;;;;;;;;
673;mg_omp_cpp_intel;mg.cpp:1018-1019,mg.cpp:1029-1030;0.4566205739975;0.075000002980232;;;;;;;;;;;;;;;;
589;mg_omp_cpp_intel;mg.cpp:841-844;0.36529645323753;0.060000002384186;;;;;;;;;;;;;;;;
907;mg_omp_cpp_intel;mg.cpp:550-552;0.24353095889091;0.03999999910593;;;;;;;;;;;;;;;;
668;mg_omp_cpp_intel;mg.cpp:1012-1016;0.18264822661877;0.030000001192093;;;;;;;;;;;;;;;;
878;mg_omp_cpp_intel;mg.cpp:558-560;0.12176547944546;0.019999999552965;;;;;;;;;;;;;;;;
989;mg_omp_cpp_intel;mg.cpp:917-921;0.060882739722729;0.0099999997764826;;;;;;;;;;;;;;;;
2008;mg_omp_cpp_intel;;0.030441369861364;0.0049999998882413;;;;;;;;;;;;;;;;
1109;mg_omp_cpp_intel;mg.cpp:637-641;0.030441369861364;0.0049999998882413;;;;;;;;;;;;;;;;
727;mg_omp_cpp_intel;mg.cpp:1106-1106,mg.cpp:1115-1115;0.030441369861364;0.0049999998882413;;;;;;;;;;;;;;;;
