block_id;module;source_info;time_p;time_s;time_s_min;time_s_avg;time_s_max;cov_deviation;time_deviation;nb_threads;flops;flops_sca;flops_vec;flops_sp;flops_dp;flops_sca_sp;flops_sca_dp;flops_vec_sp;flops_vec_dp;
529;mg_omp_cpp_clang++;mg.cpp:1012-1016;33.48038482666;3.4149997234344;;;;;;;;;;;;;;;;
540;mg_omp_cpp_clang++;mg.cpp:1018-1019,mg.cpp:1029-1030;17.352939605713;1.7700002193451;;;;;;;;;;;;;;;;
920;mg_omp_cpp_clang++;mg.cpp:917-921;15.637251853943;1.5949999094009;;;;;;;;;;;;;;;;
931;mg_omp_cpp_clang++;mg.cpp:923-928;7.5980377197266;0.77500003576279;;;;;;;;;;;;;;;;
581;mg_omp_cpp_clang++;mg.cpp:1109-1113;7.254900932312;0.74000000953674;;;;;;;;;;;;;;;;
995;mg_omp_cpp_clang++;mg.cpp:625-629;2.6470584869385;0.27000001072884;;;;;;;;;;;;;;;;
1011;mg_omp_cpp_clang++;mg.cpp:637-641;2.4999997615814;0.25500002503395;;;;;;;;;;;;;;;;
974;mg_omp_cpp_clang++;mg.cpp:614-617;2.2058820724487;0.2250000089407;;;;;;;;;;;;;;;;
982;mg_omp_cpp_clang++;mg.cpp:620-623;2.0588231086731;0.20999997854233;;;;;;;;;;;;;;;;
1003;mg_omp_cpp_clang++;mg.cpp:631-635;1.813725233078;0.18500000238419;;;;;;;;;;;;;;;;
585;mg_omp_cpp_clang++;mg.cpp:1115-1125;1.4705880880356;0.15000000596046;;;;;;;;;;;;;;;;
791;mg_omp_cpp_clang++;mg.cpp:545-547;0.83333319425583;0.08500000089407;;;;;;;;;;;;;;;;
537;mg_omp_cpp_clang++;mg.cpp:1018-1020,mg.cpp:1029-1030;0.83333319425583;0.08500000089407;;;;;;;;;;;;;;;;
466;mg_omp_cpp_clang++;mg.cpp:842-844;0.63725477457047;0.064999997615814;;;;;;;;;;;;;;;;
799;mg_omp_cpp_clang++;mg.cpp:550-552;0.39215680956841;0.03999999910593;;;;;;;;;;;;;;;;
532;mg_omp_cpp_clang++;mg.cpp:1012-1016;0.29411759972572;0.030000001192093;;;;;;;;;;;;;;;;
923;mg_omp_cpp_clang++;mg.cpp:917-921;0.24509800970554;0.025000000372529;;;;;;;;;;;;;;;;
767;mg_omp_cpp_clang++;mg.cpp:558-560;0.1960784047842;0.019999999552965;;;;;;;;;;;;;;;;
916;mg_omp_cpp_clang++;mg.cpp:917-917;0.049019601196051;0.0049999998882413;;;;;;;;;;;;;;;;
924;mg_omp_cpp_clang++;mg.cpp:923-923;0.049019601196051;0.0049999998882413;;;;;;;;;;;;;;;;
533;mg_omp_cpp_clang++;mg.cpp:1018-1018;0.049019601196051;0.0049999998882413;;;;;;;;;;;;;;;;
915;mg_omp_cpp_clang++;mg.cpp:915-916;0.049019601196051;0.0049999998882413;;;;;;;;;;;;;;;;
524;mg_omp_cpp_clang++;mg.cpp:1010-1011;0.049019601196051;0.0049999998882413;;;;;;;;;;;;;;;;
584;mg_omp_cpp_clang++;mg.cpp:1108-1108;0.049019601196051;0.0049999998882413;;;;;;;;;;;;;;;;
998;mg_omp_cpp_clang++;mg.cpp:625-629;0.049019601196051;0.0049999998882413;;;;;;;;;;;;;;;;
