Metric;Node;Process;Thread;#max_time_on_cpu_s;IO;Time (s);#start_time_us;Exe;System;Others;#start_time_s;TBB;Pthread;#max_context_switch_time_s;#stop_time_us;#total;#stop_time_s;#event_count;OMP;#elapsed_time;MPI;String;Memory;Math;
cycles;_ALL;_ALL;_ALL;0;0;30.799909591675;133633;28750001152;1490000000;0;4950;0;0;0;963905;30799908864;4980;6159.9817728;10000000;30.830272674561;0;0;550000000;0;
cycles;fedora;_ALL;_ALL;0;0;30.799909591675;133633;28750001152;1490000000;0;4950;0;0;0;963905;30799908864;4980;6159.9817728;10000000;30.830272674561;0;0;550000000;0;
cycles;fedora;62569;_ALL;0;0;30.799909591675;133633;28750001152;1490000000;0;4950;0;0;0;963905;30799908864;4980;6159.9817728;10000000;30.830272674561;0;0;550000000;0;
cycles;fedora;62569;62569;13.402124404907;0;30.799909591675;133633;28750001152;1490000000;0;4950;0;0;13.402124404907;963905;30799908864;4980;6159.9817728;10000000;30.830272674561;0;0;550000000;0;
