Metric;Node;Process;Thread;#max_time_on_cpu_s;IO;Time (s);#start_time_us;Exe;System;Others;#start_time_s;TBB;Pthread;#max_context_switch_time_s;#stop_time_us;#total;#stop_time_s;#event_count;OMP;#elapsed_time;MPI;String;Memory;Math;
cycles;_ALL;_ALL;_ALL;0;0;13.040022850037;106562;37984996672;1210000000;0;58100;0;0;0;466404;41315046400;58113;8263.00928;1290000000;13.359842300415;0;0;830000000;0;
cycles;fedora;_ALL;_ALL;0;0;13.040022850037;106562;37984996672;1210000000;0;58100;0;0;0;466404;41315046400;58113;8263.00928;1290000000;13.359842300415;0;0;830000000;0;
cycles;fedora;564601;_ALL;0;0;13.040022850037;106562;37984996672;1210000000;0;58100;0;0;0;466404;41315046400;58113;8263.00928;1290000000;13.359842300415;0;0;830000000;0;
cycles;fedora;564601;564616;3.445987701416;0;9.6050138473511;346243;8989998848;225000000;0;58100;0;0;1.885036945343;466404;9605013504;58113;1921.0027008;235000000;13.120161056519;0;0;155000000;0;
cycles;fedora;564601;564617;6.2446842193604;0;9.5850057601929;346294;9024999040;180000000;0;58100;0;0;3.7136161327362;466404;9585005568;58113;1917.0011136;220000000;13.12011051178;0;0;160000000;0;
cycles;fedora;564601;564601;8.6466331481934;0;13.040022850037;106562;11794999872;575000000;0;58100;0;0;3.845724105835;466404;13040022528;58113;2608.0045056;305000000;13.359842300415;0;0;365000000;0;
cycles;fedora;564601;564618;10.274809837341;0;9.0850048065186;346334;8174998912;230000000;0;58100;0;0;1.508761882782;466411;9085004800;58113;1817.00096;530000000;13.120077133179;0;0;150000000;0;
