block_id;module;source_info;time_p;time_s;time_s_min;time_s_avg;time_s_max;cov_deviation;time_deviation;nb_threads;flops;flops_sca;flops_vec;flops_sp;flops_dp;flops_sca_sp;flops_sca_dp;flops_vec_sp;flops_vec_dp;
850;mg_omp_cpp_g++;mg.cpp:1012-1016;31.197814941406;2.9949986934662;;;;;;;;;;;;;;;;
874;mg_omp_cpp_g++;mg.cpp:1018-1019,mg.cpp:1029-1030;22.499933242798;2.1599998474121;;;;;;;;;;;;;;;;
1015;mg_omp_cpp_g++;mg.cpp:917-921;13.958292007446;1.33999979496;;;;;;;;;;;;;;;;
1032;mg_omp_cpp_g++;mg.cpp:923-928;7.4999785423279;0.71999996900558;;;;;;;;;;;;;;;;
1168;mg_omp_cpp_g++;mg.cpp:1108-1113;5.2083187103271;0.5;;;;;;;;;;;;;;;;
1371;mg_omp_cpp_g++;mg.cpp:625-629;2.3958268165588;0.23000001907349;;;;;;;;;;;;;;;;
1352;mg_omp_cpp_g++;mg.cpp:619-623;2.3958268165588;0.23000001907349;;;;;;;;;;;;;;;;
1326;mg_omp_cpp_g++;mg.cpp:614-617;2.1874938011169;0.20999999344349;;;;;;;;;;;;;;;;
1411;mg_omp_cpp_g++;mg.cpp:637-641;2.0312442779541;0.1950000077486;;;;;;;;;;;;;;;;
1184;mg_omp_cpp_g++;mg.cpp:1115-1125;2.0312442779541;0.1950000077486;;;;;;;;;;;;;;;;
1391;mg_omp_cpp_g++;mg.cpp:631-635;1.1979134082794;0.11500000953674;;;;;;;;;;;;;;;;
635;mg_omp_cpp_g++;mg.cpp:545-547;0.72916465997696;0.070000007748604;;;;;;;;;;;;;;;;
236;mg_omp_cpp_g++;mg.cpp:841-844;0.57291507720947;0.055000003427267;;;;;;;;;;;;;;;;
1024;mg_omp_cpp_g++;mg.cpp:917-921;0.20833276212215;0.02000000141561;;;;;;;;;;;;;;;;
685;mg_omp_cpp_g++;mg.cpp:558-560;0.20833276212215;0.02000000141561;;;;;;;;;;;;;;;;
1421;mg_omp_cpp_g++;mg.cpp:637-641;0.10416638106108;0.010000000707805;;;;;;;;;;;;;;;;
885;mg_omp_cpp_g++;mg.cpp:1011-1011;0.052083190530539;0.0050000003539026;;;;;;;;;;;;;;;;
842;mg_omp_cpp_g++;mg.cpp:1013-1014;0.052083190530539;0.0050000003539026;;;;;;;;;;;;;;;;
1171;mg_omp_cpp_g++;mg.cpp:1108-1113;0.052083190530539;0.0050000003539026;;;;;;;;;;;;;;;;
1179;mg_omp_cpp_g++;mg.cpp:1121-1121;0.052083190530539;0.0050000003539026;;;;;;;;;;;;;;;;
1187;mg_omp_cpp_g++;mg.cpp:1115-1125;0.052083190530539;0.0050000003539026;;;;;;;;;;;;;;;;
250;mg_omp_cpp_g++;mg.cpp:841-841;0.052083190530539;0.0050000003539026;;;;;;;;;;;;;;;;
873;mg_omp_cpp_g++;mg.cpp:1018-1018;0.052083190530539;0.0050000003539026;;;;;;;;;;;;;;;;
859;mg_omp_cpp_g++;mg.cpp:1012-1016;0.052083190530539;0.0050000003539026;;;;;;;;;;;;;;;;
852;mg_omp_cpp_g++;mg.cpp:1012-1012;0.052083190530539;0.0050000003539026;;;;;;;;;;;;;;;;
646;mg_omp_cpp_g++;mg.cpp:550-552;0.052083190530539;0.0050000003539026;;;;;;;;;;;;;;;;
