block_id;module;source_info;time_p;time_s;time_s_min;time_s_avg;time_s_max;cov_deviation;time_deviation;nb_threads;flops;flops_sca;flops_vec;flops_sp;flops_dp;flops_sca_sp;flops_sca_dp;flops_vec_sp;flops_vec_dp;
529;mg_omp_cpp_clang++;mg.cpp:1012-1016;32.581424713135;5.1999998092651;;;;;;;;;;;;;;;;
540;mg_omp_cpp_clang++;mg.cpp:1018-1019,mg.cpp:1029-1030;19.51752281189;3.114999294281;;;;;;;;;;;;;;;;
920;mg_omp_cpp_clang++;mg.cpp:917-921;15.068909645081;2.4049999713898;;;;;;;;;;;;;;;;
931;mg_omp_cpp_clang++;mg.cpp:923-928;8.3646554946899;1.3350001573563;;;;;;;;;;;;;;;;
581;mg_omp_cpp_clang++;mg.cpp:1109-1113;5.7017493247986;0.9099999666214;;;;;;;;;;;;;;;;
982;mg_omp_cpp_clang++;mg.cpp:620-623;2.7568900585175;0.44000002741814;;;;;;;;;;;;;;;;
585;mg_omp_cpp_clang++;mg.cpp:1115-1125;2.4436068534851;0.38999995589256;;;;;;;;;;;;;;;;
995;mg_omp_cpp_clang++;mg.cpp:625-629;2.2243087291718;0.35499998927116;;;;;;;;;;;;;;;;
1011;mg_omp_cpp_clang++;mg.cpp:637-641;2.0676672458649;0.3299999833107;;;;;;;;;;;;;;;;
1003;mg_omp_cpp_clang++;mg.cpp:631-635;2.0676672458649;0.3299999833107;;;;;;;;;;;;;;;;
974;mg_omp_cpp_clang++;mg.cpp:614-617;1.6290712356567;0.25999999046326;;;;;;;;;;;;;;;;
537;mg_omp_cpp_clang++;mg.cpp:1018-1020,mg.cpp:1029-1030;1.1278184652328;0.17999997735023;;;;;;;;;;;;;;;;
466;mg_omp_cpp_clang++;mg.cpp:842-844;0.62656587362289;0.10000000149012;;;;;;;;;;;;;;;;
791;mg_omp_cpp_clang++;mg.cpp:545-547;0.53258097171783;0.084999993443489;;;;;;;;;;;;;;;;
767;mg_omp_cpp_clang++;mg.cpp:558-560;0.28195461630821;0.044999994337559;;;;;;;;;;;;;;;;
799;mg_omp_cpp_clang++;mg.cpp:550-552;0.21929804980755;0.035000000149012;;;;;;;;;;;;;;;;
923;mg_omp_cpp_clang++;mg.cpp:917-921;0.093984879553318;0.014999998733401;;;;;;;;;;;;;;;;
580;mg_omp_cpp_clang++;mg.cpp:1108-1108;0.062656588852406;0.0099999997764826;;;;;;;;;;;;;;;;
527;mg_omp_cpp_clang++;mg.cpp:1012-1012;0.062656588852406;0.0099999997764826;;;;;;;;;;;;;;;;
977;mg_omp_cpp_clang++;mg.cpp:614-617;0.062656588852406;0.0099999997764826;;;;;;;;;;;;;;;;
532;mg_omp_cpp_clang++;mg.cpp:1012-1016;0.062656588852406;0.0099999997764826;;;;;;;;;;;;;;;;
922;mg_omp_cpp_clang++;mg.cpp:917-917,mg.cpp:923-927;0.031328294426203;0.0049999998882413;;;;;;;;;;;;;;;;
533;mg_omp_cpp_clang++;mg.cpp:1018-1018;0.031328294426203;0.0049999998882413;;;;;;;;;;;;;;;;
524;mg_omp_cpp_clang++;mg.cpp:1010-1011;0.031328294426203;0.0049999998882413;;;;;;;;;;;;;;;;
