name;time_p;time_s;cpi_ratio;
/mnt/lab/ihpc/aoc/architecture-opt-hpc-NPBMG/build/maqao_reports/ov_ws_mg_mpi_f90_gfortran/binaries/mg_mpi_f90_gfortran;64.525833129883;7.9625120162964;;
/usr/lib64/libc.so.6;15.113411903381;1.8650008440018;;
/usr/lib64/libfabric.so.1.28.0;10.585464477539;1.306250333786;;
kernel;8.0024108886719;0.98750054836273;;
/usr/lib64/openmpi/lib/libmpi.so.40.40.7;1.6410006284714;0.20250010490417;;
/usr/lib64/ld-linux-x86-64.so.2;0.060777802020311;0.0075000040233135;;
/usr/lib64/openmpi/lib/libopen-pal.so.80.0.5;0.050648167729378;0.0062500033527613;;
/usr/lib64/libucm.so.0.0.0;0.010129633359611;0.0012500006705523;;
[vdso];0.010129633359611;0.0012500006705523;;
