block_id;module;source_info;time_p;time_s;time_s_min;time_s_avg;time_s_max;cov_deviation;time_deviation;nb_threads;flops;flops_sca;flops_vec;flops_sp;flops_dp;flops_sca_sp;flops_sca_dp;flops_vec_sp;flops_vec_dp;
662;mg_omp_cpp_intel;mg.cpp:1012-1016;31.705015182495;5.1599998474121;;;;;;;;;;;;;;;;
678;mg_omp_cpp_intel;mg.cpp:1018-1019,mg.cpp:1029-1030;18.648204803467;3.0350000858307;;;;;;;;;;;;;;;;
987;mg_omp_cpp_intel;mg.cpp:917-921;14.408578872681;2.3450000286102;;;;;;;;;;;;;;;;
995;mg_omp_cpp_intel;mg.cpp:923-928;8.1105861663818;1.3199999332428;;;;;;;;;;;;;;;;
724;mg_omp_cpp_intel;mg.cpp:1108-1113,mg.cpp:1121-1121;5.7142767906189;0.9300000667572;;;;;;;;;;;;;;;;
1084;mg_omp_cpp_intel;mg.cpp:619-623;2.4577534198761;0.40000000596046;;;;;;;;;;;;;;;;
726;mg_omp_cpp_intel;mg.cpp:1115-1115,mg.cpp:1121-1125;2.3348658084869;0.38000002503395;;;;;;;;;;;;;;;;
1105;mg_omp_cpp_intel;mg.cpp:637-641;2.1812560558319;0.35499998927116;;;;;;;;;;;;;;;;
1097;mg_omp_cpp_intel;mg.cpp:631-635;2.0583684444427;0.33499997854233;;;;;;;;;;;;;;;;
1089;mg_omp_cpp_intel;mg.cpp:625-629;2.0583684444427;0.33499997854233;;;;;;;;;;;;;;;;
1066;mg_omp_cpp_intel;mg.cpp:614-617;1.6897053718567;0.27500000596046;;;;;;;;;;;;;;;;
1985;mg_omp_cpp_intel;;1.3824862241745;0.22499999403954;;;;;;;;;;;;;;;;
673;mg_omp_cpp_intel;mg.cpp:1018-1019,mg.cpp:1029-1030;1.0138232707977;0.16499999165535;;;;;;;;;;;;;;;;
589;mg_omp_cpp_intel;mg.cpp:841-844;0.61443835496902;0.10000000149012;;;;;;;;;;;;;;;;
896;mg_omp_cpp_intel;mg.cpp:545-547;0.46082878112793;0.075000010430813;;;;;;;;;;;;;;;;
907;mg_omp_cpp_intel;mg.cpp:550-552;0.21505342423916;0.035000000149012;;;;;;;;;;;;;;;;
668;mg_omp_cpp_intel;mg.cpp:1012-1016;0.18433150649071;0.030000001192093;;;;;;;;;;;;;;;;
878;mg_omp_cpp_intel;mg.cpp:558-560;0.15360958874226;0.025000000372529;;;;;;;;;;;;;;;;
989;mg_omp_cpp_intel;mg.cpp:917-921;0.092165753245354;0.015000000596046;;;;;;;;;;;;;;;;
1546;mg_omp_cpp_intel;;0.030721917748451;0.0050000003539026;;;;;;;;;;;;;;;;
657;mg_omp_cpp_intel;mg.cpp:1011-1013;0.030721917748451;0.0050000003539026;;;;;;;;;;;;;;;;
664;mg_omp_cpp_intel;mg.cpp:1013-1013;0.030721917748451;0.0050000003539026;;;;;;;;;;;;;;;;
679;mg_omp_cpp_intel;mg.cpp:1018-1018;0.030721917748451;0.0050000003539026;;;;;;;;;;;;;;;;
996;mg_omp_cpp_intel;mg.cpp:923-923;0.030721917748451;0.0050000003539026;;;;;;;;;;;;;;;;
656;mg_omp_cpp_intel;mg.cpp:1005-1010;0.030721917748451;0.0050000003539026;;;;;;;;;;;;;;;;
