name;time_p;time_s;cpi_ratio;
/mnt/lab/ihpc/aoc/architecture-opt-hpc-NPBMG/build/mg_mpi_f90_aocc;71.911911010742;7.1264963150024;;
kernel;9.6160802841187;0.95295697450638;;
/usr/lib64/libfabric.so.1.28.0;8.8495378494263;0.87699240446091;;
/usr/lib64/libc.so.6;8.0269041061401;0.79546904563904;;
/usr/lib64/openmpi/lib/libmpi.so.40.40.7;1.5143927335739;0.1500768661499;;
/usr/lib64/ld-linux-x86-64.so.2;0.037392407655716;0.0037056009750813;;
/usr/lib64/openmpi/lib/libopen-pal.so.80.0.5;0.037392407655716;0.0037056009750813;;
/usr/lib64/openmpi/lib/libmpi_mpifh.so.40.40.1;0.0062320684082806;0.00061760027892888;;
