block_id;module;source_info;time_p;time_s;time_s_min;time_s_avg;time_s_max;cov_deviation;time_deviation;nb_threads;flops;flops_sca;flops_vec;flops_sp;flops_dp;flops_sca_sp;flops_sca_dp;flops_vec_sp;flops_vec_dp;
529;mg_omp_cpp_clang++;mg.cpp:1012-1016;33.226501464844;5.1849989891052;;;;;;;;;;;;;;;;
540;mg_omp_cpp_clang++;mg.cpp:1018-1019,mg.cpp:1029-1030;18.167242050171;2.835000038147;;;;;;;;;;;;;;;;
920;mg_omp_cpp_clang++;mg.cpp:917-921;15.02722454071;2.3450000286102;;;;;;;;;;;;;;;;
931;mg_omp_cpp_clang++;mg.cpp:923-928;8.362699508667;1.3050000667572;;;;;;;;;;;;;;;;
581;mg_omp_cpp_clang++;mg.cpp:1109-1113;6.1839113235474;0.9650000333786;;;;;;;;;;;;;;;;
1011;mg_omp_cpp_clang++;mg.cpp:637-641;2.6273612976074;0.40999999642372;;;;;;;;;;;;;;;;
982;mg_omp_cpp_clang++;mg.cpp:620-623;2.4991972446442;0.38999998569489;;;;;;;;;;;;;;;;
995;mg_omp_cpp_clang++;mg.cpp:625-629;2.2428693771362;0.34999999403954;;;;;;;;;;;;;;;;
1003;mg_omp_cpp_clang++;mg.cpp:631-635;2.2108285427094;0.34499999880791;;;;;;;;;;;;;;;;
585;mg_omp_cpp_clang++;mg.cpp:1115-1125;1.9224594831467;0.30000001192093;;;;;;;;;;;;;;;;
974;mg_omp_cpp_clang++;mg.cpp:614-617;1.7302135229111;0.26999998092651;;;;;;;;;;;;;;;;
537;mg_omp_cpp_clang++;mg.cpp:1018-1020,mg.cpp:1029-1030;1.1214346885681;0.17499999701977;;;;;;;;;;;;;;;;
466;mg_omp_cpp_clang++;mg.cpp:842-844;0.67286080121994;0.10499999672174;;;;;;;;;;;;;;;;
791;mg_omp_cpp_clang++;mg.cpp:545-547;0.64081984758377;0.10000000149012;;;;;;;;;;;;;;;;
767;mg_omp_cpp_clang++;mg.cpp:558-560;0.19224594533443;0.029999999329448;;;;;;;;;;;;;;;;
532;mg_omp_cpp_clang++;mg.cpp:1012-1016;0.12816396355629;0.019999999552965;;;;;;;;;;;;;;;;
717;mg_omp_cpp_clang++;mg.cpp:357-357;0.032040990889072;0.0049999998882413;;;;;;;;;;;;;;;;
924;mg_omp_cpp_clang++;mg.cpp:923-923;0.032040990889072;0.0049999998882413;;;;;;;;;;;;;;;;
524;mg_omp_cpp_clang++;mg.cpp:1010-1011;0.032040990889072;0.0049999998882413;;;;;;;;;;;;;;;;
584;mg_omp_cpp_clang++;mg.cpp:1108-1108;0.032040990889072;0.0049999998882413;;;;;;;;;;;;;;;;
519;mg_omp_cpp_clang++;mg.cpp:1009-1010;0.032040990889072;0.0049999998882413;;;;;;;;;;;;;;;;
1013;mg_omp_cpp_clang++;mg.cpp:637-641;0.032040990889072;0.0049999998882413;;;;;;;;;;;;;;;;
923;mg_omp_cpp_clang++;mg.cpp:917-921;0.032040990889072;0.0049999998882413;;;;;;;;;;;;;;;;
803;mg_omp_cpp_clang++;mg.cpp:550-552;0.032040990889072;0.0049999998882413;;;;;;;;;;;;;;;;
799;mg_omp_cpp_clang++;mg.cpp:550-552;0.032040990889072;0.0049999998882413;;;;;;;;;;;;;;;;
