block_id;module;source_info;time_p;time_s;time_s_min;time_s_avg;time_s_max;cov_deviation;time_deviation;nb_threads;flops;flops_sca;flops_vec;flops_sp;flops_dp;flops_sca_sp;flops_sca_dp;flops_vec_sp;flops_vec_dp;
662;mg_omp_cpp_intel;mg.cpp:1012-1016;31.887119293213;5.2550010681152;;;;;;;;;;;;;;;;
678;mg_omp_cpp_intel;mg.cpp:1018-1019,mg.cpp:1029-1030;18.628629684448;3.0700001716614;;;;;;;;;;;;;;;;
987;mg_omp_cpp_intel;mg.cpp:917-921;15.139552116394;2.4949996471405;;;;;;;;;;;;;;;;
995;mg_omp_cpp_intel;mg.cpp:923-928;7.3725686073303;1.2150001525879;;;;;;;;;;;;;;;;
724;mg_omp_cpp_intel;mg.cpp:1108-1113,mg.cpp:1121-1121;5.8252391815186;0.96000003814697;;;;;;;;;;;;;;;;
1105;mg_omp_cpp_intel;mg.cpp:637-641;2.6092216968536;0.43000000715256;;;;;;;;;;;;;;;;
1089;mg_omp_cpp_intel;mg.cpp:625-629;2.366503238678;0.39000001549721;;;;;;;;;;;;;;;;
726;mg_omp_cpp_intel;mg.cpp:1115-1115,mg.cpp:1121-1125;2.2754838466644;0.375;;;;;;;;;;;;;;;;
1097;mg_omp_cpp_intel;mg.cpp:631-635;2.2148044109344;0.36500000953674;;;;;;;;;;;;;;;;
1084;mg_omp_cpp_intel;mg.cpp:619-623;1.8203872442245;0.30000004172325;;;;;;;;;;;;;;;;
1066;mg_omp_cpp_intel;mg.cpp:614-617;1.4866496324539;0.24500001966953;;;;;;;;;;;;;;;;
1985;mg_omp_cpp_intel;;1.3652904033661;0.2250000089407;;;;;;;;;;;;;;;;
673;mg_omp_cpp_intel;mg.cpp:1018-1019,mg.cpp:1029-1030;1.0012129545212;0.16500000655651;;;;;;;;;;;;;;;;
589;mg_omp_cpp_intel;mg.cpp:841-844;0.60679572820663;0.10000000149012;;;;;;;;;;;;;;;;
896;mg_omp_cpp_intel;mg.cpp:545-547;0.576455950737;0.094999998807907;;;;;;;;;;;;;;;;
907;mg_omp_cpp_intel;mg.cpp:550-552;0.21237850189209;0.035000000149012;;;;;;;;;;;;;;;;
878;mg_omp_cpp_intel;mg.cpp:558-560;0.12135914713144;0.019999999552965;;;;;;;;;;;;;;;;
668;mg_omp_cpp_intel;mg.cpp:1012-1016;0.091019362211227;0.015000000596046;;;;;;;;;;;;;;;;
1546;mg_omp_cpp_intel;;0.030339786782861;0.0049999998882413;;;;;;;;;;;;;;;;
645;mg_omp_cpp_intel;mg.cpp:1055-1055;0.030339786782861;0.0049999998882413;;;;;;;;;;;;;;;;
1068;mg_omp_cpp_intel;mg.cpp:614-614;0.030339786782861;0.0049999998882413;;;;;;;;;;;;;;;;
664;mg_omp_cpp_intel;mg.cpp:1013-1013;0.030339786782861;0.0049999998882413;;;;;;;;;;;;;;;;
672;mg_omp_cpp_intel;mg.cpp:1029-1030;0.030339786782861;0.0049999998882413;;;;;;;;;;;;;;;;
725;mg_omp_cpp_intel;mg.cpp:1108-1108,mg.cpp:1124-1125;0.030339786782861;0.0049999998882413;;;;;;;;;;;;;;;;
727;mg_omp_cpp_intel;mg.cpp:1106-1106,mg.cpp:1115-1115;0.030339786782861;0.0049999998882413;;;;;;;;;;;;;;;;
