Metric;Node;Process;Thread;#max_time_on_cpu_s;IO;Time (s);#start_time_us;Exe;System;Others;#start_time_s;TBB;Pthread;#max_context_switch_time_s;#stop_time_us;#total;#stop_time_s;#event_count;OMP;#elapsed_time;MPI;String;Memory;Math;
cycles;_ALL;_ALL;_ALL;0;125000000;26.269929885864;381524;23729999296;1500000000;0;738;0;0;0;913433;26269929472;765;5253.9858944;0;27.531908035278;290000000;0;625000000;0;
cycles;fedora;_ALL;_ALL;0;125000000;26.269929885864;381524;23729999296;1500000000;0;738;0;0;0;913433;26269929472;765;5253.9858944;0;27.531908035278;290000000;0;625000000;0;
cycles;fedora;18093;_ALL;0;125000000;26.269929885864;381524;23729999296;1500000000;0;738;0;0;0;913433;26269929472;765;5253.9858944;0;27.531908035278;290000000;0;625000000;0;
cycles;fedora;18093;18093;6.5211782455444;125000000;26.269929885864;381524;23729999296;1500000000;0;738;0;0;6.5211782455444;913433;26269929472;765;5253.9858944;0;27.531908035278;290000000;0;625000000;0;
