name;time_p;time_s;cpi_ratio;
/mnt/lab/ihpc/aoc/architecture-opt-hpc-NPBMG/build/maqao_reports/ov_ws_mg_mpi_f90_aocc/binaries/mg_mpi_f90_aocc;90.331390380859;23.729991912842;;
kernel;6.604501247406;1.7349979877472;;
/usr/lib64/libc.so.6;3.0262739658356;0.79500007629395;;
/usr/lib64/ld-linux-x86-64.so.2;0.01903316937387;0.0049999998882413;;
/usr/lib64/openmpi/lib/libmpi.so.40.40.7;0.01903316937387;0.0049999998882413;;
