block_id;module;source_info;time_p;time_s;time_s_min;time_s_avg;time_s_max;cov_deviation;time_deviation;nb_threads;flops;flops_sca;flops_vec;flops_sp;flops_dp;flops_sca_sp;flops_sca_dp;flops_vec_sp;flops_vec_dp;
662;mg_omp_cpp_intel;mg.cpp:1012-1016;19.975442886353;3.2550003528595;;;;;;;;;;;;;;;;
678;mg_omp_cpp_intel;mg.cpp:1018-1019,mg.cpp:1029-1030;11.230431556702;1.8299999237061;;;;;;;;;;;;;;;;
987;mg_omp_cpp_intel;mg.cpp:917-921;9.75758934021;1.5900001525879;;;;;;;;;;;;;;;;
995;mg_omp_cpp_intel;mg.cpp:923-928;4.7253727912903;0.76999992132187;;;;;;;;;;;;;;;;
724;mg_omp_cpp_intel;mg.cpp:1108-1113,mg.cpp:1121-1121;4.265109539032;0.69499999284744;;;;;;;;;;;;;;;;
1084;mg_omp_cpp_intel;mg.cpp:619-623;1.5648962259293;0.25499999523163;;;;;;;;;;;;;;;;
1097;mg_omp_cpp_intel;mg.cpp:631-635;1.5648962259293;0.25499999523163;;;;;;;;;;;;;;;;
726;mg_omp_cpp_intel;mg.cpp:1115-1115,mg.cpp:1121-1125;1.4114750623703;0.22999998927116;;;;;;;;;;;;;;;;
1066;mg_omp_cpp_intel;mg.cpp:614-617;1.2580538988113;0.20499999821186;;;;;;;;;;;;;;;;
1089;mg_omp_cpp_intel;mg.cpp:625-629;1.1966853141785;0.19499999284744;;;;;;;;;;;;;;;;
1105;mg_omp_cpp_intel;mg.cpp:637-641;1.0125799179077;0.16499999165535;;;;;;;;;;;;;;;;
1985;mg_omp_cpp_intel;;0.82847446203232;0.13499999046326;;;;;;;;;;;;;;;;
896;mg_omp_cpp_intel;mg.cpp:545-547;0.70573753118515;0.11499999463558;;;;;;;;;;;;;;;;
673;mg_omp_cpp_intel;mg.cpp:1018-1019,mg.cpp:1029-1030;0.55231630802155;0.089999996125698;;;;;;;;;;;;;;;;
589;mg_omp_cpp_intel;mg.cpp:841-844;0.39889508485794;0.064999997615814;;;;;;;;;;;;;;;;
989;mg_omp_cpp_intel;mg.cpp:917-921;0.15342119336128;0.024999998509884;;;;;;;;;;;;;;;;
907;mg_omp_cpp_intel;mg.cpp:550-552;0.12273696064949;0.019999999552965;;;;;;;;;;;;;;;;
878;mg_omp_cpp_intel;mg.cpp:558-560;0.092052720487118;0.014999999664724;;;;;;;;;;;;;;;;
1982;mg_omp_cpp_intel;;0.030684240162373;0.0049999998882413;;;;;;;;;;;;;;;;
1987;mg_omp_cpp_intel;;0.030684240162373;0.0049999998882413;;;;;;;;;;;;;;;;
657;mg_omp_cpp_intel;mg.cpp:1011-1013;0.030684240162373;0.0049999998882413;;;;;;;;;;;;;;;;
666;mg_omp_cpp_intel;mg.cpp:1005-1005,mg.cpp:1012-1012,mg.cpp:1019-1019;0.030684240162373;0.0049999998882413;;;;;;;;;;;;;;;;
668;mg_omp_cpp_intel;mg.cpp:1012-1016;0.030684240162373;0.0049999998882413;;;;;;;;;;;;;;;;
