Metric;Node;Process;Thread;#max_time_on_cpu_s;IO;Time (s);#start_time_us;Exe;System;Others;#start_time_s;TBB;Pthread;#max_context_switch_time_s;#stop_time_us;#total;#stop_time_s;#event_count;OMP;#elapsed_time;MPI;String;Memory;Math;
cycles;_ALL;_ALL;_ALL;0;5000000;19.319932937622;50798;31194999232;1075000000;0;57821;0;0;0;16322;32874949632;57841;6574.9899264;10000000;19.965524673462;0;0;590000000;0;
cycles;fedora;_ALL;_ALL;0;5000000;19.319932937622;50798;31194999232;1075000000;0;57821;0;0;0;16322;32874949632;57841;6574.9899264;10000000;19.965524673462;0;0;590000000;0;
cycles;fedora;561460;_ALL;0;5000000;19.319932937622;50798;31194999232;1075000000;0;57821;0;0;0;16322;32874949632;57841;6574.9899264;10000000;19.965524673462;0;0;590000000;0;
cycles;fedora;561460;561486;19.253889083862;0;13.555016517639;755446;12984998912;380000000;0;57821;0;0;12.358948707581;16222;13555016704;57841;2711.0033408;10000000;19.260776519775;0;0;180000000;0;
cycles;fedora;561460;561460;19.251415252686;5000000;19.319932937622;50798;18210000320;695000000;0;57821;0;0;3.3470153808594;16322;19319932928;57841;3863.9865856;0;19.965524673462;0;0;410000000;0;
