Metric;Node;Process;Thread;#max_time_on_cpu_s;IO;Time (s);#start_time_us;Exe;System;Others;#start_time_s;TBB;Pthread;#max_context_switch_time_s;#stop_time_us;#total;#stop_time_s;#event_count;OMP;#elapsed_time;MPI;String;Memory;Math;
cycles;_ALL;_ALL;_ALL;0;0;17.12504196167;869411;27474996480;1330000000;0;4877;0;0;0;269294;30030069760;4895;6006.013952;625000000;17.399883270264;0;0;600000000;0;
cycles;fedora;_ALL;_ALL;0;0;17.12504196167;869411;27474996480;1330000000;0;4877;0;0;0;269294;30030069760;4895;6006.013952;625000000;17.399883270264;0;0;600000000;0;
cycles;fedora;61797;_ALL;0;0;17.12504196167;869411;27474996480;1330000000;0;4877;0;0;0;269294;30030069760;4895;6006.013952;625000000;17.399883270264;0;0;600000000;0;
cycles;fedora;61797;61797;3.5958514213562;0;17.12504196167;869411;15894997632;815000000;0;4877;0;0;3.5958514213562;269294;17125042176;4895;3425.0084352;5000000;17.399883270264;0;0;410000000;0;
cycles;fedora;61797;61820;16.723470687866;0;12.905027389526;108003;11579998848;515000000;0;4878;0;0;1.5252618789673;269297;12905027584;4895;2581.0055168;620000000;17.161294937134;0;0;190000000;0;
