name;time_p;time_s;cpi_ratio;
/mnt/lab/ihpc/aoc/architecture-opt-hpc-NPBMG/build/maqao_reports/ov_s1_mg_omp_cpp_clang++/binaries/mg_omp_cpp_clang++;96.351638793945;15.233205795288;;
/usr/lib64/libc.so.6;1.8703068494797;0.29569572210312;;
kernel;1.7472603321075;0.27624204754829;;
/usr/lib64/libomp.so;0.024609301239252;0.0038907337002456;;
/usr/lib64/ld-linux-x86-64.so.2;0.006152325309813;0.0009726834250614;;
