Metric;Node;Process;Thread;#max_time_on_cpu_s;IO;Time (s);#start_time_us;Exe;System;Others;#start_time_s;TBB;Pthread;#max_context_switch_time_s;#stop_time_us;#total;#stop_time_s;#event_count;OMP;#elapsed_time;MPI;String;Memory;Math;
cycles;_ALL;_ALL;_ALL;0;255000000;16.9000415802;89486;24544998656;1540000000;19999744;770;0;0;0;405343;33785073664;788;6757.0147328;0;18.315856933594;6235000000;0;1190000000;0;
cycles;fedora;_ALL;_ALL;0;255000000;16.9000415802;89486;24544998656;1540000000;19999744;770;0;0;0;405343;33785073664;788;6757.0147328;0;18.315856933594;6235000000;0;1190000000;0;
cycles;fedora;18339;_ALL;0;125000000;16.9000415802;89486;11760000576;805000000;4999552;770;0;0;0;405343;16900041728;788;3380.0083456;0;18.315856933594;3600000000;0;605000000;0;
cycles;fedora;18339;18339;8.5643529891968;125000000;16.9000415802;89486;11760000576;805000000;4999552;770;0;0;8.1619644165039;405343;16900041728;788;3380.0083456;0;18.315856933594;3600000000;0;605000000;0;
cycles;fedora;18346;_ALL;0;130000000;16.885032653809;256354;12784998080;735000000;15000192;770;0;0;0;404762;16885031936;788;3377.0063872;0;18.148406982422;2635000000;0;585000000;0;
cycles;fedora;18346;18346;17.13659286499;130000000;16.885032653809;256354;12784998080;735000000;15000192;770;0;0;16.828742980957;404762;16885031936;788;3377.0063872;0;18.148406982422;2635000000;0;585000000;0;
