block_id;module;source_info;time_p;time_s;time_s_min;time_s_avg;time_s_max;cov_deviation;time_deviation;nb_threads;flops;flops_sca;flops_vec;flops_sp;flops_dp;flops_sca_sp;flops_sca_dp;flops_vec_sp;flops_vec_dp;
662;mg_omp_cpp_intel;mg.cpp:1012-1016;20.649492263794;3.3699998855591;;;;;;;;;;;;;;;;
678;mg_omp_cpp_intel;mg.cpp:1018-1019,mg.cpp:1029-1030;10.569845199585;1.7250001430511;;;;;;;;;;;;;;;;
987;mg_omp_cpp_intel;mg.cpp:917-921;9.9571018218994;1.6250003576279;;;;;;;;;;;;;;;;
995;mg_omp_cpp_intel;mg.cpp:923-928;4.5649476051331;0.74500006437302;;;;;;;;;;;;;;;;
724;mg_omp_cpp_intel;mg.cpp:1108-1113,mg.cpp:1121-1121;4.1666631698608;0.67999994754791;;;;;;;;;;;;;;;;
1097;mg_omp_cpp_intel;mg.cpp:631-635;1.5624988079071;0.25499999523163;;;;;;;;;;;;;;;;
726;mg_omp_cpp_intel;mg.cpp:1115-1115,mg.cpp:1121-1125;1.4705871343613;0.24000000953674;;;;;;;;;;;;;;;;
1105;mg_omp_cpp_intel;mg.cpp:637-641;1.4399498701096;0.23499999940395;;;;;;;;;;;;;;;;
1089;mg_omp_cpp_intel;mg.cpp:625-629;1.2561265230179;0.20500001311302;;;;;;;;;;;;;;;;
1084;mg_omp_cpp_intel;mg.cpp:619-623;1.0723031759262;0.17500002682209;;;;;;;;;;;;;;;;
1066;mg_omp_cpp_intel;mg.cpp:614-617;1.0110286474228;0.16500000655651;;;;;;;;;;;;;;;;
1985;mg_omp_cpp_intel;;0.82720530033112;0.13500000536442;;;;;;;;;;;;;;;;
673;mg_omp_cpp_intel;mg.cpp:1018-1019,mg.cpp:1029-1030;0.61274462938309;0.1000000089407;;;;;;;;;;;;;;;;
896;mg_omp_cpp_intel;mg.cpp:545-547;0.39828398823738;0.065000005066395;;;;;;;;;;;;;;;;
589;mg_omp_cpp_intel;mg.cpp:841-844;0.39828398823738;0.065000005066395;;;;;;;;;;;;;;;;
668;mg_omp_cpp_intel;mg.cpp:1012-1016;0.18382339179516;0.030000001192093;;;;;;;;;;;;;;;;
907;mg_omp_cpp_intel;mg.cpp:550-552;0.15318615734577;0.025000002235174;;;;;;;;;;;;;;;;
878;mg_omp_cpp_intel;mg.cpp:558-560;0.091911695897579;0.015000000596046;;;;;;;;;;;;;;;;
989;mg_omp_cpp_intel;mg.cpp:917-921;0.061274465173483;0.010000000707805;;;;;;;;;;;;;;;;
1982;mg_omp_cpp_intel;;0.030637232586741;0.0050000003539026;;;;;;;;;;;;;;;;
1063;mg_omp_cpp_intel;mg.cpp:613-614;0.030637232586741;0.0050000003539026;;;;;;;;;;;;;;;;
996;mg_omp_cpp_intel;mg.cpp:923-923;0.030637232586741;0.0050000003539026;;;;;;;;;;;;;;;;
288;mg_omp_cpp_intel;mg.cpp:1244-1244;0.030637232586741;0.0050000003539026;;;;;;;;;;;;;;;;
1072;mg_omp_cpp_intel;mg.cpp:614-617;0.030637232586741;0.0050000003539026;;;;;;;;;;;;;;;;
1086;mg_omp_cpp_intel;mg.cpp:619-623;0.030637232586741;0.0050000003539026;;;;;;;;;;;;;;;;
