block_id;module;source_info;time_p;time_s;time_s_min;time_s_avg;time_s_max;cov_deviation;time_deviation;nb_threads;flops;flops_sca;flops_vec;flops_sp;flops_dp;flops_sca_sp;flops_sca_dp;flops_vec_sp;flops_vec_dp;
662;mg_omp_cpp_intel;mg.cpp:1012-1016;28.440044403076;4.6400003433228;;;;;;;;;;;;;;;;
678;mg_omp_cpp_intel;mg.cpp:1018-1019,mg.cpp:1029-1030;19.092830657959;3.1150002479553;;;;;;;;;;;;;;;;
987;mg_omp_cpp_intel;mg.cpp:917-921;13.545796394348;2.210000038147;;;;;;;;;;;;;;;;
995;mg_omp_cpp_intel;mg.cpp:923-928;7.6922945976257;1.254999756813;;;;;;;;;;;;;;;;
724;mg_omp_cpp_intel;mg.cpp:1108-1113,mg.cpp:1121-1121;5.4550943374634;0.88999998569489;;;;;;;;;;;;;;;;
1105;mg_omp_cpp_intel;mg.cpp:637-641;2.8501334190369;0.46499997377396;;;;;;;;;;;;;;;;
1097;mg_omp_cpp_intel;mg.cpp:631-635;2.1452617645264;0.34999999403954;;;;;;;;;;;;;;;;
1089;mg_omp_cpp_intel;mg.cpp:625-629;2.1452617645264;0.34999999403954;;;;;;;;;;;;;;;;
726;mg_omp_cpp_intel;mg.cpp:1115-1115,mg.cpp:1121-1125;2.0226752758026;0.3299999833107;;;;;;;;;;;;;;;;
1084;mg_omp_cpp_intel;mg.cpp:619-623;1.7162094116211;0.28000000119209;;;;;;;;;;;;;;;;
1985;mg_omp_cpp_intel;;1.4097434282303;0.23000000417233;;;;;;;;;;;;;;;;
1066;mg_omp_cpp_intel;mg.cpp:614-617;1.3484503030777;0.22000001370907;;;;;;;;;;;;;;;;
673;mg_omp_cpp_intel;mg.cpp:1018-1019,mg.cpp:1029-1030;0.98069107532501;0.15999999642372;;;;;;;;;;;;;;;;
589;mg_omp_cpp_intel;mg.cpp:841-844;0.58228534460068;0.095000006258488;;;;;;;;;;;;;;;;
896;mg_omp_cpp_intel;mg.cpp:545-547;0.42905235290527;0.070000000298023;;;;;;;;;;;;;;;;
878;mg_omp_cpp_intel;mg.cpp:558-560;0.24517276883125;0.03999999910593;;;;;;;;;;;;;;;;
907;mg_omp_cpp_intel;mg.cpp:550-552;0.21452617645264;0.035000000149012;;;;;;;;;;;;;;;;
989;mg_omp_cpp_intel;mg.cpp:917-921;0.15323297679424;0.024999998509884;;;;;;;;;;;;;;;;
668;mg_omp_cpp_intel;mg.cpp:1012-1016;0.15323297679424;0.024999998509884;;;;;;;;;;;;;;;;
659;mg_omp_cpp_intel;mg.cpp:1011-1013;0.061293192207813;0.0099999997764826;;;;;;;;;;;;;;;;
1083;mg_omp_cpp_intel;mg.cpp:619-621;0.030646596103907;0.0049999998882413;;;;;;;;;;;;;;;;
1072;mg_omp_cpp_intel;mg.cpp:614-617;0.030646596103907;0.0049999998882413;;;;;;;;;;;;;;;;
727;mg_omp_cpp_intel;mg.cpp:1106-1106,mg.cpp:1115-1115;0.030646596103907;0.0049999998882413;;;;;;;;;;;;;;;;
