name;time_p;time_s;cpi_ratio;
/mnt/lab/ihpc/aoc/architecture-opt-hpc-NPBMG/build/maqao_reports/ov_ws_mg_mpi_f90_aocc/binaries/mg_mpi_f90_aocc;76.273742675781;19.060737609863;;
Unknown module;8.0826587677002;2.0198488235474;;
kernel;7.5411314964294;1.8845216035843;;
/usr/lib64/libc.so.6;6.5283031463623;1.6314167976379;;
/usr/lib64/openmpi/lib/libmpi.so.40.40.7;1.5343017578125;0.383420586586;;
/usr/lib64/ld-linux-x86-64.so.2;0.030084349215031;0.0075180507265031;;
[vdso];0.01002811640501;0.0025060167536139;;
