block_id;module;source_info;time_p;time_s;time_s_min;time_s_avg;time_s_max;cov_deviation;time_deviation;nb_threads;flops;flops_sca;flops_vec;flops_sp;flops_dp;flops_sca_sp;flops_sca_dp;flops_vec_sp;flops_vec_dp;
662;mg_omp_cpp_intel;mg.cpp:1012-1016;19.883562088013;3.2450001239777;;;;;;;;;;;;;;;;
678;mg_omp_cpp_intel;mg.cpp:1018-1019,mg.cpp:1029-1030;11.580872535706;1.8899998664856;;;;;;;;;;;;;;;;
987;mg_omp_cpp_intel;mg.cpp:917-921;10.140921592712;1.6549997329712;;;;;;;;;;;;;;;;
995;mg_omp_cpp_intel;mg.cpp:923-928;4.5649471282959;0.74500000476837;;;;;;;;;;;;;;;;
724;mg_omp_cpp_intel;mg.cpp:1108-1113,mg.cpp:1121-1121;4.3504867553711;0.71000003814697;;;;;;;;;;;;;;;;
1089;mg_omp_cpp_intel;mg.cpp:625-629;1.7463221549988;0.28500002622604;;;;;;;;;;;;;;;;
1084;mg_omp_cpp_intel;mg.cpp:619-623;1.5012242794037;0.24500000476837;;;;;;;;;;;;;;;;
1105;mg_omp_cpp_intel;mg.cpp:637-641;1.2561265230179;0.20500001311302;;;;;;;;;;;;;;;;
726;mg_omp_cpp_intel;mg.cpp:1115-1115,mg.cpp:1121-1125;1.2561265230179;0.20500001311302;;;;;;;;;;;;;;;;
1066;mg_omp_cpp_intel;mg.cpp:614-617;1.133577466011;0.18499998748302;;;;;;;;;;;;;;;;
1097;mg_omp_cpp_intel;mg.cpp:631-635;1.133577466011;0.18499998748302;;;;;;;;;;;;;;;;
1985;mg_omp_cpp_intel;;0.8884796500206;0.14499999582767;;;;;;;;;;;;;;;;
673;mg_omp_cpp_intel;mg.cpp:1018-1019,mg.cpp:1029-1030;0.64338183403015;0.10500000417233;;;;;;;;;;;;;;;;
589;mg_omp_cpp_intel;mg.cpp:841-844;0.42892122268677;0.070000000298023;;;;;;;;;;;;;;;;
896;mg_omp_cpp_intel;mg.cpp:545-547;0.39828395843506;0.064999997615814;;;;;;;;;;;;;;;;
878;mg_omp_cpp_intel;mg.cpp:558-560;0.183823376894;0.029999999329448;;;;;;;;;;;;;;;;
907;mg_omp_cpp_intel;mg.cpp:550-552;0.091911688446999;0.014999999664724;;;;;;;;;;;;;;;;
989;mg_omp_cpp_intel;mg.cpp:917-921;0.061274461448193;0.0099999997764826;;;;;;;;;;;;;;;;
668;mg_omp_cpp_intel;mg.cpp:1012-1016;0.061274461448193;0.0099999997764826;;;;;;;;;;;;;;;;
1978;mg_omp_cpp_intel;;0.030637230724096;0.0049999998882413;;;;;;;;;;;;;;;;
281;mg_omp_cpp_intel;mg.cpp:1242-1243;0.030637230724096;0.0049999998882413;;;;;;;;;;;;;;;;
1072;mg_omp_cpp_intel;mg.cpp:614-617;0.030637230724096;0.0049999998882413;;;;;;;;;;;;;;;;
