block_id;module;source_info;time_p;time_s;time_s_min;time_s_avg;time_s_max;cov_deviation;time_deviation;nb_threads;flops;flops_sca;flops_vec;flops_sp;flops_dp;flops_sca_sp;flops_sca_dp;flops_vec_sp;flops_vec_dp;
662;mg_omp_cpp_intel;mg.cpp:1012-1016;30.934129714966;5.050000667572;;;;;;;;;;;;;;;;
678;mg_omp_cpp_intel;mg.cpp:1018-1019,mg.cpp:1029-1030;19.693706512451;3.2150001525879;;;;;;;;;;;;;;;;
987;mg_omp_cpp_intel;mg.cpp:917-921;14.241949081421;2.3249998092651;;;;;;;;;;;;;;;;
995;mg_omp_cpp_intel;mg.cpp:923-928;8.3307762145996;1.3600002527237;;;;;;;;;;;;;;;;
724;mg_omp_cpp_intel;mg.cpp:1108-1113,mg.cpp:1121-1121;5.5130128860474;0.90000003576279;;;;;;;;;;;;;;;;
1105;mg_omp_cpp_intel;mg.cpp:637-641;2.3889722824097;0.39000001549721;;;;;;;;;;;;;;;;
726;mg_omp_cpp_intel;mg.cpp:1115-1115,mg.cpp:1121-1125;2.3889722824097;0.39000001549721;;;;;;;;;;;;;;;;
1084;mg_omp_cpp_intel;mg.cpp:619-623;2.2052049636841;0.35999998450279;;;;;;;;;;;;;;;;
1089;mg_omp_cpp_intel;mg.cpp:625-629;2.1745772361755;0.35500001907349;;;;;;;;;;;;;;;;
1097;mg_omp_cpp_intel;mg.cpp:631-635;1.9908102750778;0.32500001788139;;;;;;;;;;;;;;;;
1066;mg_omp_cpp_intel;mg.cpp:614-617;1.5926481485367;0.26000002026558;;;;;;;;;;;;;;;;
1985;mg_omp_cpp_intel;;1.4088810682297;0.23000000417233;;;;;;;;;;;;;;;;
673;mg_omp_cpp_intel;mg.cpp:1018-1019,mg.cpp:1029-1030;0.98009121417999;0.16000001132488;;;;;;;;;;;;;;;;
589;mg_omp_cpp_intel;mg.cpp:841-844;0.5819291472435;0.094999998807907;;;;;;;;;;;;;;;;
896;mg_omp_cpp_intel;mg.cpp:545-547;0.42878988385201;0.070000000298023;;;;;;;;;;;;;;;;
907;mg_omp_cpp_intel;mg.cpp:550-552;0.245022803545;0.040000002831221;;;;;;;;;;;;;;;;
878;mg_omp_cpp_intel;mg.cpp:558-560;0.18376709520817;0.029999999329448;;;;;;;;;;;;;;;;
668;mg_omp_cpp_intel;mg.cpp:1012-1016;0.091883547604084;0.014999999664724;;;;;;;;;;;;;;;;
989;mg_omp_cpp_intel;mg.cpp:917-921;0.06125570088625;0.010000000707805;;;;;;;;;;;;;;;;
1996;mg_omp_cpp_intel;;0.030627850443125;0.0050000003539026;;;;;;;;;;;;;;;;
1546;mg_omp_cpp_intel;;0.030627850443125;0.0050000003539026;;;;;;;;;;;;;;;;
1068;mg_omp_cpp_intel;mg.cpp:614-614;0.030627850443125;0.0050000003539026;;;;;;;;;;;;;;;;
725;mg_omp_cpp_intel;mg.cpp:1108-1108,mg.cpp:1124-1125;0.030627850443125;0.0050000003539026;;;;;;;;;;;;;;;;
1072;mg_omp_cpp_intel;mg.cpp:614-617;0.030627850443125;0.0050000003539026;;;;;;;;;;;;;;;;
